text,seed_examples
I have difficulty sleeping because I can't get enough sleep within 30 minutes.,"['Sometimes I wonder if my family will really be there for me when I am in need.', 'During the past month, how often have you had trouble sleeping because you feel too hot?', ""I live life one day at a time and don't really think about the future."", 'During the past month, how often has your bed partner or room mate reported legs twitching or jerking while asleep?', 'During the past month, how often have you had trouble sleeping because you cannot get to sleep within 30 minutes?']"
I have insomnia and have gotten bad snoring and twitching.,"['Sometimes I wonder if my family will really be there for me when I am in need.', 'During the past month, how often have you had trouble sleeping because you feel too hot?', ""I live life one day at a time and don't really think about the future."", 'During the past month, how often has your bed partner or room mate reported legs twitching or jerking while asleep?', 'During the past month, how often have you had trouble sleeping because you cannot get to sleep within 30 minutes?']"
"Sometimes I have anxiety around my family members that are out of the country, such as when I am on vacation.","['Sometimes I wonder if my family will really be there for me when I am in need.', 'During the past month, how often have you had trouble sleeping because you feel too hot?', ""I live life one day at a time and don't really think about the future."", 'During the past month, how often has your bed partner or room mate reported legs twitching or jerking while asleep?', 'During the past month, how often have you had trouble sleeping because you cannot get to sleep within 30 minutes?']"
I am not a night owl.,"['Sometimes I wonder if my family will really be there for me when I am in need.', 'During the past month, how often have you had trouble sleeping because you feel too hot?', ""I live life one day at a time and don't really think about the future."", 'During the past month, how often has your bed partner or room mate reported legs twitching or jerking while asleep?', 'During the past month, how often have you had trouble sleeping because you cannot get to sleep within 30 minutes?']"
I believe I never really have anything important to talk about in my life and never really want to be there for my family when I need them.,"['Sometimes I wonder if my family will really be there for me when I am in need.', 'During the past month, how often have you had trouble sleeping because you feel too hot?', ""I live life one day at a time and don't really think about the future."", 'During the past month, how often has your bed partner or room mate reported legs twitching or jerking while asleep?', 'During the past month, how often have you had trouble sleeping because you cannot get to sleep within 30 minutes?']"
I find myself waiting on people to call or write,"['I am unhappy doing so many things alone', 'I feel a sense of mission about my future.', 'I find myself waiting for people to call or write', 'Taking all things together, how happy would you say you are?', 'I will always seek out activities that challenge me to think and reason.']"
I do not like being alone,"['I am unhappy doing so many things alone', 'I feel a sense of mission about my future.', 'I find myself waiting for people to call or write', 'Taking all things together, how happy would you say you are?', 'I will always seek out activities that challenge me to think and reason.']"
"I'm insecure about my future, and I have to wait for people to call or write.","['I am unhappy doing so many things alone', 'I feel a sense of mission about my future.', 'I find myself waiting for people to call or write', 'Taking all things together, how happy would you say you are?', 'I will always seek out activities that challenge me to think and reason.']"
"I need friendship and support, but sometimes that means time alone alone.","['I am unhappy doing so many things alone', 'I feel a sense of mission about my future.', 'I find myself waiting for people to call or write', 'Taking all things together, how happy would you say you are?', 'I will always seek out activities that challenge me to think and reason.']"
I enjoy being around people I trust.,"['I tend to be influenced by people with strong opinions.', 'It seems that my life has always had purpose.', 'During the past month, how often have you had trouble sleeping because you feel too cold?', 'I am able to adapt when changes occur.', 'Under pressure, I stay focused and think clearly.']"
I am able to feel confident and be assertive in my life.,"['I tend to be influenced by people with strong opinions.', 'It seems that my life has always had purpose.', 'During the past month, how often have you had trouble sleeping because you feel too cold?', 'I am able to adapt when changes occur.', 'Under pressure, I stay focused and think clearly.']"
I enjoy interacting with others.,"['I tend to be influenced by people with strong opinions.', 'It seems that my life has always had purpose.', 'During the past month, how often have you had trouble sleeping because you feel too cold?', 'I am able to adapt when changes occur.', 'Under pressure, I stay focused and think clearly.']"
I am able to find purpose in my life.,"['I tend to be influenced by people with strong opinions.', 'It seems that my life has always had purpose.', 'During the past month, how often have you had trouble sleeping because you feel too cold?', 'I am able to adapt when changes occur.', 'Under pressure, I stay focused and think clearly.']"
I have learned how to handle stress.,"['I tend to be influenced by people with strong opinions.', 'It seems that my life has always had purpose.', 'During the past month, how often have you had trouble sleeping because you feel too cold?', 'I am able to adapt when changes occur.', 'Under pressure, I stay focused and think clearly.']"
I sometimes feel I'm isolated.,"['During the past month, how often has your bed partner or room mate reported long pauses between breaths while asleep?', ""Sometimes I don't understand what life is all about."", 'During the past month, how would you rate your sleep quality overall?', 'How much of the time do you feel you are making progress towards accomplishing your goals?', 'I have one close and secure relationship.']"
I think it is important to have new experiences that challenge my thinking about myself and the world.,"['I think it is important to have new experiences that challenge how I think about myself and the world.', 'I have one close and secure relationship.', 'I am no longer close to anyone', 'I lack companionship', ""I sometimes feel as if I've done all there is to do in life.""]"
"I enjoy doing things I enjoy, even though I have done all there is to do in life.","['I think it is important to have new experiences that challenge how I think about myself and the world.', 'I have one close and secure relationship.', 'I am no longer close to anyone', 'I lack companionship', ""I sometimes feel as if I've done all there is to do in life.""]"
I try to meet new people and experiences that challenge how I think about myself and the world.,"['I think it is important to have new experiences that challenge how I think about myself and the world.', 'I have one close and secure relationship.', 'I am no longer close to anyone', 'I lack companionship', ""I sometimes feel as if I've done all there is to do in life.""]"
"I know I can accomplish my goals, even if there are obstacles.","['Even when hopeless, I do not give up.', 'I believe I can achieve my goals, even if there are obstacles.', 'In general, I feel confident about my abilities.', 'During the past month, how often has your bed partner or room mate reported legs twitching or jerking while asleep?', 'During the past month, how often has your bed partner or room mate reported other restlessness while you sleep?']"
I am healthy and strong even when the going gets tough.,"['Even when hopeless, I do not give up.', 'I believe I can achieve my goals, even if there are obstacles.', 'In general, I feel confident about my abilities.', 'During the past month, how often has your bed partner or room mate reported legs twitching or jerking while asleep?', 'During the past month, how often has your bed partner or room mate reported other restlessness while you sleep?']"
I have trouble sleeping because of my pain.,"['I make unpopular or difficult decisions.', 'During the past month, how often have you had trouble sleeping because you have pain?', 'I feel shut out and excluded by others', 'I will always seek out activities that challenge me to think and reason.', 'I am uncertain about my ability to do things well in the future.']"
I have difficulty focusing because of my lack of enthusiasm.,"['I make unpopular or difficult decisions.', 'During the past month, how often have you had trouble sleeping because you have pain?', 'I feel shut out and excluded by others', 'I will always seek out activities that challenge me to think and reason.', 'I am uncertain about my ability to do things well in the future.']"
I am not sure about where I will be in five years.,"['I make unpopular or difficult decisions.', 'During the past month, how often have you had trouble sleeping because you have pain?', 'I feel shut out and excluded by others', 'I will always seek out activities that challenge me to think and reason.', 'I am uncertain about my ability to do things well in the future.']"
I am feeling overwhelmed by the changes in my life.,"['I make unpopular or difficult decisions.', 'During the past month, how often have you had trouble sleeping because you have pain?', 'I feel shut out and excluded by others', 'I will always seek out activities that challenge me to think and reason.', 'I am uncertain about my ability to do things well in the future.']"
I always feel overwhelmed and uncertain about my future.,"['I make unpopular or difficult decisions.', 'During the past month, how often have you had trouble sleeping because you have pain?', 'I feel shut out and excluded by others', 'I will always seek out activities that challenge me to think and reason.', 'I am uncertain about my ability to do things well in the future.']"
I am lonely.,"['To what extent do you receive help and support from others when you need it?', 'I have nobody to talk to', 'I feel left out', 'During the past month, how much of a problem has it been for you to keep up enough enthusiasm to get things done?', 'How lonely do you feel in your daily life?']"
I sometimes have a hunch.,"['How satisfied are you with your personal relationships?', 'How often do you feel angry?', ""I sometimes feel as if I've done all there is to do in life."", 'I have to act on a hunch.', 'During the past month, how often has your bed partner or room mate reported other restlessness while you sleep?']"
I am very self conscious.,"['During the past month, what time have you usually gotten up in the morning?', 'I expect my physical health to get worse.', 'The amount of information that I process in a typical day is just about right for me (i.e. not too much and not too little).', 'People are around me but not with me', 'How often do you feel angry?']"
I feel indecisive or angry often.,"['During the past month, what time have you usually gotten up in the morning?', 'I expect my physical health to get worse.', 'The amount of information that I process in a typical day is just about right for me (i.e. not too much and not too little).', 'People are around me but not with me', 'How often do you feel angry?']"
My mental health is a big problem,"['There is no one I can turn to', 'My physical health has restricted me in the past.', 'I am unhappy doing so many things alone', 'In general, I feel I am in charge of the situation in which I live.', 'How often are you able to handle your responsibilities?']"
It seems that I am in charge of everything that I do.,"['There is no one I can turn to', 'My physical health has restricted me in the past.', 'I am unhappy doing so many things alone', 'In general, I feel I am in charge of the situation in which I live.', 'How often are you able to handle your responsibilities?']"
I have no one I can turn to,"['Sometimes fate or God helps me.', 'How often do you feel sad?', 'There is no one I can turn to', 'I believe I can achieve my goals, even if there are obstacles.', 'I like challenges.']"
I am resilient and enjoy challenges.,"['Sometimes fate or God helps me.', 'How often do you feel sad?', 'There is no one I can turn to', 'I believe I can achieve my goals, even if there are obstacles.', 'I like challenges.']"
I always have a positive outlook on life.,"['Sometimes fate or God helps me.', 'How often do you feel sad?', 'There is no one I can turn to', 'I believe I can achieve my goals, even if there are obstacles.', 'I like challenges.']"
I spend too much time worrying about the past and getting annoyed if people aren't responding.,"['During the past month, what time have you usually gone to bed at night?', 'I find myself waiting for people to call or write', 'Under pressure, I stay focused and think clearly.', 'How often do you feel positive?', 'I make unpopular or difficult decisions.']"
I find myself waiting for people to call or write - I make unpopular or difficult decisions.,"['During the past month, what time have you usually gone to bed at night?', 'I find myself waiting for people to call or write', 'Under pressure, I stay focused and think clearly.', 'How often do you feel positive?', 'I make unpopular or difficult decisions.']"
I feel overwhelmed by work.,"['I feel isolated from others', 'I believe there is a real purpose for my life.', 'I prefer to take the lead in problem-solving.', 'During the past month, how often have you had trouble sleeping because you cannot breathe comfortably?', 'During the past month, how often have you had trouble sleeping because you cough or snore loudly?']"
I feel overwhelmed and depressed at work.,"['I feel isolated from others', 'I believe there is a real purpose for my life.', 'I prefer to take the lead in problem-solving.', 'During the past month, how often have you had trouble sleeping because you cannot breathe comfortably?', 'During the past month, how often have you had trouble sleeping because you cough or snore loudly?']"
I find it difficult to sleep without my neck aching.,"['I feel isolated from others', 'I believe there is a real purpose for my life.', 'I prefer to take the lead in problem-solving.', 'During the past month, how often have you had trouble sleeping because you cannot breathe comfortably?', 'During the past month, how often have you had trouble sleeping because you cough or snore loudly?']"
"I feel alone, isolated and alone.","['I feel isolated from others', 'I believe there is a real purpose for my life.', 'I prefer to take the lead in problem-solving.', 'During the past month, how often have you had trouble sleeping because you cannot breathe comfortably?', 'During the past month, how often have you had trouble sleeping because you cough or snore loudly?']"
I often feel bad when others judge me.,"['I sometimes think I am a worthless individual.', 'During the past month, how often have you had trouble sleeping because you have to get up to use the bathroom?', 'During the past month, how many hours of actual sleep did you get at night?', 'I find myself waiting for people to call or write', 'I make unpopular or difficult decisions.']"
I sometimes think I have a low self esteem.,"['I sometimes think I am a worthless individual.', 'During the past month, how often have you had trouble sleeping because you have to get up to use the bathroom?', 'During the past month, how many hours of actual sleep did you get at night?', 'I find myself waiting for people to call or write', 'I make unpopular or difficult decisions.']"
I think I am entitled.,"['I sometimes think I am a worthless individual.', 'During the past month, how often have you had trouble sleeping because you have to get up to use the bathroom?', 'During the past month, how many hours of actual sleep did you get at night?', 'I find myself waiting for people to call or write', 'I make unpopular or difficult decisions.']"
I sometimes find myself waiting on people to call or write.,"['I sometimes think I am a worthless individual.', 'During the past month, how often have you had trouble sleeping because you have to get up to use the bathroom?', 'During the past month, how many hours of actual sleep did you get at night?', 'I find myself waiting for people to call or write', 'I make unpopular or difficult decisions.']"
I have not always had friends with whom I could share my joys and sorrows.,"['I cannot tolerate being so alone', 'In the past, I have not always had friends with whom I could share my joys and sorrows.', 'To what extent do you feel that what you do in your life is valuable and worthwhile?', 'How satisfied are you with your current physical health?', 'I feel shut out and excluded by others']"
I am no longer accepted and acknowledged by friends and family.,"['I cannot tolerate being so alone', 'In the past, I have not always had friends with whom I could share my joys and sorrows.', 'To what extent do you feel that what you do in your life is valuable and worthwhile?', 'How satisfied are you with your current physical health?', 'I feel shut out and excluded by others']"
I cannot tolerate being so alone.,"['I cannot tolerate being so alone', 'In the past, I have not always had friends with whom I could share my joys and sorrows.', 'To what extent do you feel that what you do in your life is valuable and worthwhile?', 'How satisfied are you with your current physical health?', 'I feel shut out and excluded by others']"
I am happy with my physical well-being.,"['I expect to always be physically healthy.', 'I have confidence in my own opinions, even if they are different from the way most other people think.', 'How lonely do you feel in your daily life?', 'I believe there is a real purpose for my life.', 'People are around me but not with me']"
I am comfortable in relationships.,"['I have nobody to talk to', 'The demands of everyday life often get me down.', 'Compared to others of your same age and sex, how is your health?', 'In the past, I have felt sure of myself among strangers.', 'My friends will be there for me when I need help.']"
I find it difficult to handle the daily stresses of life.,"['I have nobody to talk to', 'The demands of everyday life often get me down.', 'Compared to others of your same age and sex, how is your health?', 'In the past, I have felt sure of myself among strangers.', 'My friends will be there for me when I need help.']"
I have a strong support system.,"['I have nobody to talk to', 'The demands of everyday life often get me down.', 'Compared to others of your same age and sex, how is your health?', 'In the past, I have felt sure of myself among strangers.', 'My friends will be there for me when I need help.']"
"I am comfortable with my own appearance, and feel confident.","['I have nobody to talk to', 'The demands of everyday life often get me down.', 'Compared to others of your same age and sex, how is your health?', 'In the past, I have felt sure of myself among strangers.', 'My friends will be there for me when I need help.']"
I always make time to think about my thoughts and feelings and take action.,"['My friends know they can always confide in me and ask me for advice.', 'To what extent do you feel that what you do in your life is valuable and worthwhile?', 'During the past month, how often have you taken medicine to help you sleep (prescribed or over the counter)?', 'How often do you feel positive?', 'I will always seek out activities that challenge me to think and reason.']"
The last time I have been able to focus on my thoughts and rationales is while in a mental health clinic.,"['My friends know they can always confide in me and ask me for advice.', 'To what extent do you feel that what you do in your life is valuable and worthwhile?', 'During the past month, how often have you taken medicine to help you sleep (prescribed or over the counter)?', 'How often do you feel positive?', 'I will always seek out activities that challenge me to think and reason.']"
"As a result of my past, I am a self reliant person.","['My friends know they can always confide in me and ask me for advice.', 'To what extent do you feel that what you do in your life is valuable and worthwhile?', 'During the past month, how often have you taken medicine to help you sleep (prescribed or over the counter)?', 'How often do you feel positive?', 'I will always seek out activities that challenge me to think and reason.']"
I am self-aware and confident enough to discuss my feelings with my friends.,"['My friends know they can always confide in me and ask me for advice.', 'To what extent do you feel that what you do in your life is valuable and worthwhile?', 'During the past month, how often have you taken medicine to help you sleep (prescribed or over the counter)?', 'How often do you feel positive?', 'I will always seek out activities that challenge me to think and reason.']"
I feel more in control.,"['During the past month, how often have you had trouble sleeping because you have pain?', 'I feel like I am in control.', 'During the past month, how often have you taken medicine to help you sleep (prescribed or over the counter)?', 'The demands of everyday life often get me down.', 'My friends will be there for me when I need help.']"
"I am able to look on the bright side of things, but I still have to be careful about what I do.","['In the past, I have expected the best.', 'To what extent do you feel contented?', 'I always look on the bright side of things.', 'To what extent do you feel loved?', 'During the past month, how often have you had trouble sleeping because you wake up in the middle of the night or early morning?']"
I always look for the best.,"['In the past, I have expected the best.', 'To what extent do you feel contented?', 'I always look on the bright side of things.', 'To what extent do you feel loved?', 'During the past month, how often have you had trouble sleeping because you wake up in the middle of the night or early morning?']"
"I have always enjoyed life, so I don't tend to have any problems.","['In the past, I have expected the best.', 'To what extent do you feel contented?', 'I always look on the bright side of things.', 'To what extent do you feel loved?', 'During the past month, how often have you had trouble sleeping because you wake up in the middle of the night or early morning?']"
I have trouble sleeping because I feel cold.,"['I tend to be influenced by people with strong opinions.', 'I always look on the bright side of things.', 'My physical health is excellent.', 'I can deal with whatever comes my way.', 'During the past month, how often have you had trouble sleeping because you feel too cold?']"
I try to avoid being around people who are always blaming the other for my problems.,"['I tend to be influenced by people with strong opinions.', 'I always look on the bright side of things.', 'My physical health is excellent.', 'I can deal with whatever comes my way.', 'During the past month, how often have you had trouble sleeping because you feel too cold?']"
I am good with the people around me.,"['I tend to be influenced by people with strong opinions.', 'I always look on the bright side of things.', 'My physical health is excellent.', 'I can deal with whatever comes my way.', 'During the past month, how often have you had trouble sleeping because you feel too cold?']"
I sometimes think I have no friends.,"['During the past month, how long (in minutes) has it usually taken you to fall asleep each night?', 'I have to act on a hunch.', 'People are around me but not with me', 'My friends know they can always confide in me and ask me for advice.', 'I sometimes think I am a worthless individual.']"
"I can't get the energy I need to fall asleep, which is why I sometimes need to work late or run late to get to work.","['During the past month, how long (in minutes) has it usually taken you to fall asleep each night?', 'I have to act on a hunch.', 'People are around me but not with me', 'My friends know they can always confide in me and ask me for advice.', 'I sometimes think I am a worthless individual.']"
I sometimes feel depressed.,"['During the past month, how long (in minutes) has it usually taken you to fall asleep each night?', 'I have to act on a hunch.', 'People are around me but not with me', 'My friends know they can always confide in me and ask me for advice.', 'I sometimes think I am a worthless individual.']"
I have a good life but I am constantly being put off by people.,"['During the past month, how long (in minutes) has it usually taken you to fall asleep each night?', 'I have to act on a hunch.', 'People are around me but not with me', 'My friends know they can always confide in me and ask me for advice.', 'I sometimes think I am a worthless individual.']"
I sometimes think I am the worst person in the world.,"['During the past month, how long (in minutes) has it usually taken you to fall asleep each night?', 'I have to act on a hunch.', 'People are around me but not with me', 'My friends know they can always confide in me and ask me for advice.', 'I sometimes think I am a worthless individual.']"
I doubt I will make a career out of my career path.,"['I believe I can achieve my goals, even if there are obstacles.', 'Sometimes I wonder if my family will really be there for me when I am in need.', 'How often do you lose track of time while doing something you enjoy?', 'My social relationships are superficial', 'I feel completely alone']"
I am worried about my personal security.,"['I believe I can achieve my goals, even if there are obstacles.', 'Sometimes I wonder if my family will really be there for me when I am in need.', 'How often do you lose track of time while doing something you enjoy?', 'My social relationships are superficial', 'I feel completely alone']"
I feel confined in my personal space.,"['I believe I can achieve my goals, even if there are obstacles.', 'Sometimes I wonder if my family will really be there for me when I am in need.', 'How often do you lose track of time while doing something you enjoy?', 'My social relationships are superficial', 'I feel completely alone']"
I sometimes feel like I am not understood,"['I believe I can achieve my goals, even if there are obstacles.', 'Sometimes I wonder if my family will really be there for me when I am in need.', 'How often do you lose track of time while doing something you enjoy?', 'My social relationships are superficial', 'I feel completely alone']"
I feel it is important to have someone to talk with.,"['I believe I can achieve my goals, even if there are obstacles.', 'Sometimes I wonder if my family will really be there for me when I am in need.', 'How often do you lose track of time while doing something you enjoy?', 'My social relationships are superficial', 'I feel completely alone']"
"Often, I feel sad and isolated.","['My life has often seemed void of positive mental stimulation.', 'How often do you feel anxious?', 'I feel isolated from others', 'How often do you lose track of time while doing something you enjoy?', 'To what extent do you feel loved?']"
I feel more lonely than I feel at work,"['My life has often seemed void of positive mental stimulation.', 'How often do you feel anxious?', 'I feel isolated from others', 'How often do you lose track of time while doing something you enjoy?', 'To what extent do you feel loved?']"
I feel over-stimulated and disengaged.,"['My life has often seemed void of positive mental stimulation.', 'How often do you feel anxious?', 'I feel isolated from others', 'How often do you lose track of time while doing something you enjoy?', 'To what extent do you feel loved?']"
"I am able to deal with unpleasant or painful feelings like sadness, fear, and anger.","['Maintaining close relationships has been difficult and frustrating for me.', 'I am able to handle unpleasant or painful feelings like sadness, fear, and anger.', 'During the past month, how much of a problem has it been for you to keep up enough enthusiasm to get things done?', 'How often do you feel joyful?', 'I am unhappy being so withdrawn']"
I have experienced a difficult time keeping positive and hopeful feelings.,"['Maintaining close relationships has been difficult and frustrating for me.', 'I am able to handle unpleasant or painful feelings like sadness, fear, and anger.', 'During the past month, how much of a problem has it been for you to keep up enough enthusiasm to get things done?', 'How often do you feel joyful?', 'I am unhappy being so withdrawn']"
"I am not able to handle unpleasant and painful feelings like sadness, fear, or anger.","['Maintaining close relationships has been difficult and frustrating for me.', 'I am able to handle unpleasant or painful feelings like sadness, fear, and anger.', 'During the past month, how much of a problem has it been for you to keep up enough enthusiasm to get things done?', 'How often do you feel joyful?', 'I am unhappy being so withdrawn']"
"I have experienced stress, and in times of stress I find it very difficult to communicate with people.","['During the past month, how often have you had trouble staying awake while driving, eating meals, or engaging in social activity?', 'I cannot tolerate being so alone', 'I am unhappy being so withdrawn', 'In times of stress, I know where to find help.', 'I have felt in the past that my life was meaningless.']"
"In times of stress, I know where to find help. - I have always felt in the past that my life was meaningless.","['During the past month, how often have you had trouble staying awake while driving, eating meals, or engaging in social activity?', 'I cannot tolerate being so alone', 'I am unhappy being so withdrawn', 'In times of stress, I know where to find help.', 'I have felt in the past that my life was meaningless.']"
I believe that being patient is an important trait of life.,"['I tend to bounce back after illness, injury, or other hardships.', 'How often do you become absorbed in what you are doing?', 'In the past, I have expected the best.', 'In the past, I hardly ever expected things to go my way.', 'I think it is important to have new experiences that challenge how I think about myself and the world.']"
"In the past, I was afraid of anything and everything.","['I tend to bounce back after illness, injury, or other hardships.', 'How often do you become absorbed in what you are doing?', 'In the past, I have expected the best.', 'In the past, I hardly ever expected things to go my way.', 'I think it is important to have new experiences that challenge how I think about myself and the world.']"
"I feel challenged by every day situations, and it helps me to push forward.","['I tend to bounce back after illness, injury, or other hardships.', 'How often do you become absorbed in what you are doing?', 'In the past, I have expected the best.', 'In the past, I hardly ever expected things to go my way.', 'I think it is important to have new experiences that challenge how I think about myself and the world.']"
I think it is important to have experiences that challenge how I think about myself and the world.,"['I tend to bounce back after illness, injury, or other hardships.', 'How often do you become absorbed in what you are doing?', 'In the past, I have expected the best.', 'In the past, I hardly ever expected things to go my way.', 'I think it is important to have new experiences that challenge how I think about myself and the world.']"
I feel strong and confident about myself and my life.,"['During the past month, how often have you had trouble sleeping because you have pain?', 'In the past, I have not always had friends with whom I could share my joys and sorrows.', 'I believe I can achieve my goals, even if there are obstacles.', 'I am good at managing the responsibilities of daily life.', 'I tend to be influenced by people with strong opinions.']"
"Often, I have trouble sleeping because I suffer from a lack of sleep.","['During the past month, how often have you had trouble sleeping because you have pain?', 'In the past, I have not always had friends with whom I could share my joys and sorrows.', 'I believe I can achieve my goals, even if there are obstacles.', 'I am good at managing the responsibilities of daily life.', 'I tend to be influenced by people with strong opinions.']"
I am unable to make new friends.,"['In the past, I have generally found intellectual challenges to be vital to my overall well-being.', 'It is difficult for me to make friends', 'During the past month, how much of a problem has it been for you to keep up enough enthusiasm to get things done?', 'I am able to adapt when changes occur.', 'My interests and ideas are not shared by those around me']"
I am able to change my work situation.,"['In the past, I have generally found intellectual challenges to be vital to my overall well-being.', 'It is difficult for me to make friends', 'During the past month, how much of a problem has it been for you to keep up enough enthusiasm to get things done?', 'I am able to adapt when changes occur.', 'My interests and ideas are not shared by those around me']"
I feel that challenges are important to life.,"['I am unhappy doing so many things alone', 'I like most parts of my personality.', 'I expect to always be physically healthy.', 'During the past month, how often have you had trouble sleeping because you have to get up to use the bathroom?', 'I like challenges.']"
I enjoy traveling.,"['I am unhappy doing so many things alone', 'I like most parts of my personality.', 'I expect to always be physically healthy.', 'During the past month, how often have you had trouble sleeping because you have to get up to use the bathroom?', 'I like challenges.']"
I like challenging myself.,"['I am unhappy doing so many things alone', 'I like most parts of my personality.', 'I expect to always be physically healthy.', 'During the past month, how often have you had trouble sleeping because you have to get up to use the bathroom?', 'I like challenges.']"
I am optimistic and enjoy helping others.,"['I am unhappy doing so many things alone', 'I like most parts of my personality.', 'I expect to always be physically healthy.', 'During the past month, how often have you had trouble sleeping because you have to get up to use the bathroom?', 'I like challenges.']"
"I am more insecure than others in my age, gender, and sex.","['To what extent do you receive help and support from others when you need it?', 'I have to act on a hunch.', 'During the past month, how often has your bed partner or room mate reported episodes of disorientation or confusion during sleep?', 'I will always seek out activities that challenge me to think and reason.', 'Compared to others of your same age and sex, how is your health?']"
"I am optimistic, which makes me feel good about myself.","['To what extent do you receive help and support from others when you need it?', 'I have to act on a hunch.', 'During the past month, how often has your bed partner or room mate reported episodes of disorientation or confusion during sleep?', 'I will always seek out activities that challenge me to think and reason.', 'Compared to others of your same age and sex, how is your health?']"
I am a highly capable person who uses critical thinking skills when appropriate.,"['To what extent do you receive help and support from others when you need it?', 'I have to act on a hunch.', 'During the past month, how often has your bed partner or room mate reported episodes of disorientation or confusion during sleep?', 'I will always seek out activities that challenge me to think and reason.', 'Compared to others of your same age and sex, how is your health?']"
I would be happy with my current career but would be happier in any other job.,"['To what extent do you receive help and support from others when you need it?', 'I have to act on a hunch.', 'During the past month, how often has your bed partner or room mate reported episodes of disorientation or confusion during sleep?', 'I will always seek out activities that challenge me to think and reason.', 'Compared to others of your same age and sex, how is your health?']"
"I enjoy the variety in my life, and am grateful for everyone's support.","['To what extent do you receive help and support from others when you need it?', 'I have to act on a hunch.', 'During the past month, how often has your bed partner or room mate reported episodes of disorientation or confusion during sleep?', 'I will always seek out activities that challenge me to think and reason.', 'Compared to others of your same age and sex, how is your health?']"
I'm confident that I will do well in my future work.,"['For me, life has been a continuous process of learning, changing, and growth.', 'In the past, I hardly ever expected things to go my way.', 'I have to act on a hunch.', 'I try to see the humorous side of things when I am faced with problems.', 'I expect to always be physically healthy.']"
I don’t have many negative thoughts.,"['For me, life has been a continuous process of learning, changing, and growth.', 'In the past, I hardly ever expected things to go my way.', 'I have to act on a hunch.', 'I try to see the humorous side of things when I am faced with problems.', 'I expect to always be physically healthy.']"
"In the past, I rarely expected things to go my way.","['For me, life has been a continuous process of learning, changing, and growth.', 'In the past, I hardly ever expected things to go my way.', 'I have to act on a hunch.', 'I try to see the humorous side of things when I am faced with problems.', 'I expect to always be physically healthy.']"
I don't usually expect to be a successful or happy person.,"['For me, life has been a continuous process of learning, changing, and growth.', 'In the past, I hardly ever expected things to go my way.', 'I have to act on a hunch.', 'I try to see the humorous side of things when I am faced with problems.', 'I expect to always be physically healthy.']"
I expect to always be in a good physical shape.,"['For me, life has been a continuous process of learning, changing, and growth.', 'In the past, I hardly ever expected things to go my way.', 'I have to act on a hunch.', 'I try to see the humorous side of things when I am faced with problems.', 'I expect to always be physically healthy.']"
I am happy that I have chosen a fulfilling career for myself.,"['I believe there is a real purpose for my life.', 'How often do you become absorbed in what you are doing?', 'How satisfied are you with your current physical health?', 'When I look at the story of my life, I am pleased with how things have turned out so far.', 'I have one close and secure relationship.']"
I have found the positive in my life.,"['I believe there is a real purpose for my life.', 'How often do you become absorbed in what you are doing?', 'How satisfied are you with your current physical health?', 'When I look at the story of my life, I am pleased with how things have turned out so far.', 'I have one close and secure relationship.']"
I enjoy being independent and have my own ideas.,"['I believe there is a real purpose for my life.', 'How often do you become absorbed in what you are doing?', 'How satisfied are you with your current physical health?', 'When I look at the story of my life, I am pleased with how things have turned out so far.', 'I have one close and secure relationship.']"
I am a believer in the value of family and friends.,"['I believe there is a real purpose for my life.', 'How often do you become absorbed in what you are doing?', 'How satisfied are you with your current physical health?', 'When I look at the story of my life, I am pleased with how things have turned out so far.', 'I have one close and secure relationship.']"
I trust God to help me in my daily life.,"['I believe most things happen for a reason.', 'How lonely do you feel in your daily life?', 'Sometimes fate or God helps me.', 'I am not easily discouraged by failure.', 'For me, life has been a continuous process of learning, changing, and growth.']"
I don't like to feel guilty for my flaws.,"['I believe most things happen for a reason.', 'How lonely do you feel in your daily life?', 'Sometimes fate or God helps me.', 'I am not easily discouraged by failure.', 'For me, life has been a continuous process of learning, changing, and growth.']"
I enjoy the way my life is.,"['I believe most things happen for a reason.', 'How lonely do you feel in your daily life?', 'Sometimes fate or God helps me.', 'I am not easily discouraged by failure.', 'For me, life has been a continuous process of learning, changing, and growth.']"
I am thankful for my life.,"['I believe most things happen for a reason.', 'How lonely do you feel in your daily life?', 'Sometimes fate or God helps me.', 'I am not easily discouraged by failure.', 'For me, life has been a continuous process of learning, changing, and growth.']"
I feel pleased with the amount of intellectual stimulation I receive in my daily life.,"['My physical health has restricted me in the past.', 'During the past month, how many hours of actual sleep did you get at night?', 'Generally, I feel pleased with the amount of intellectual stimulation I receive in my daily life.', 'During the past month, how often have you had trouble sleeping because you have pain?', 'During the past month, how often have you had trouble sleeping because you cannot breathe comfortably?']"
My mental health has been quite stable for the past several years.,"['My physical health has restricted me in the past.', 'During the past month, how many hours of actual sleep did you get at night?', 'Generally, I feel pleased with the amount of intellectual stimulation I receive in my daily life.', 'During the past month, how often have you had trouble sleeping because you have pain?', 'During the past month, how often have you had trouble sleeping because you cannot breathe comfortably?']"
I have been experiencing difficulty with breathing during the last month.,"['My physical health has restricted me in the past.', 'During the past month, how many hours of actual sleep did you get at night?', 'Generally, I feel pleased with the amount of intellectual stimulation I receive in my daily life.', 'During the past month, how often have you had trouble sleeping because you have pain?', 'During the past month, how often have you had trouble sleeping because you cannot breathe comfortably?']"
I feel very alone.,"['I feel completely alone', 'How often do you feel sad?', 'During the past month, how often have you had trouble sleeping because you cough or snore loudly?', 'I am able to adapt when changes occur.', 'No one really knows me well']"
I feel isolated because of the lack of people to talk to and trust in me.,"['I feel completely alone', 'How often do you feel sad?', 'During the past month, how often have you had trouble sleeping because you cough or snore loudly?', 'I am able to adapt when changes occur.', 'No one really knows me well']"
I am always alone,"['I feel completely alone', 'How often do you feel sad?', 'During the past month, how often have you had trouble sleeping because you cough or snore loudly?', 'I am able to adapt when changes occur.', 'No one really knows me well']"
My life is full of excitement and uncertainty.,"[""I live life one day at a time and don't really think about the future."", 'For me, life has been a continuous process of learning, changing, and growth.', 'My family has been available to support me in the past.', 'To what extent do you feel you have a sense of direction in your life?', 'How would you say your health is?']"
I have a sense of direction in my life due to my family support.,"[""I live life one day at a time and don't really think about the future."", 'For me, life has been a continuous process of learning, changing, and growth.', 'My family has been available to support me in the past.', 'To what extent do you feel you have a sense of direction in your life?', 'How would you say your health is?']"
I've been able to develop a sense of direction in my life.,"[""I live life one day at a time and don't really think about the future."", 'For me, life has been a continuous process of learning, changing, and growth.', 'My family has been available to support me in the past.', 'To what extent do you feel you have a sense of direction in your life?', 'How would you say your health is?']"
My family has helped me through difficult times.,"[""I live life one day at a time and don't really think about the future."", 'For me, life has been a continuous process of learning, changing, and growth.', 'My family has been available to support me in the past.', 'To what extent do you feel you have a sense of direction in your life?', 'How would you say your health is?']"
My family is available to support me in the past and help me.,"[""I live life one day at a time and don't really think about the future."", 'For me, life has been a continuous process of learning, changing, and growth.', 'My family has been available to support me in the past.', 'To what extent do you feel you have a sense of direction in your life?', 'How would you say your health is?']"
I feel less optimistic than a previous month.,"['During the past month, how much of a problem has it been for you to keep up enough enthusiasm to get things done?', 'I take pride in my achievements.', ""I think of myself as a strong person when dealing with life's challenges and difficulties."", 'Having to cope with stress can make me stronger.', 'I find myself waiting for people to call or write']"
I have trouble turning a positive situation around.,"['During the past month, how much of a problem has it been for you to keep up enough enthusiasm to get things done?', 'I take pride in my achievements.', ""I think of myself as a strong person when dealing with life's challenges and difficulties."", 'Having to cope with stress can make me stronger.', 'I find myself waiting for people to call or write']"
I enjoy living in a large city and I enjoy working in one.,"['During the past month, how much of a problem has it been for you to keep up enough enthusiasm to get things done?', 'I take pride in my achievements.', ""I think of myself as a strong person when dealing with life's challenges and difficulties."", 'Having to cope with stress can make me stronger.', 'I find myself waiting for people to call or write']"
I have had a lot of stress this past month.,"['During the past month, how much of a problem has it been for you to keep up enough enthusiasm to get things done?', 'I take pride in my achievements.', ""I think of myself as a strong person when dealing with life's challenges and difficulties."", 'Having to cope with stress can make me stronger.', 'I find myself waiting for people to call or write']"
I have a tendency to sit down and relax when it is time to do something.,"['During the past month, how much of a problem has it been for you to keep up enough enthusiasm to get things done?', 'I take pride in my achievements.', ""I think of myself as a strong person when dealing with life's challenges and difficulties."", 'Having to cope with stress can make me stronger.', 'I find myself waiting for people to call or write']"
I am emotionally satisfied with life.,"['How often do you become absorbed in what you are doing?', 'When I look at the story of my life, I am pleased with how things have turned out so far.', 'During the past month, how often have you had trouble sleeping because you wake up in the middle of the night or early morning?', 'I am always optimistic about my future.', 'I have one close and secure relationship.']"
I often have trouble sleeping because I wake up in the middle of the night or early morning.,"['How often do you become absorbed in what you are doing?', 'When I look at the story of my life, I am pleased with how things have turned out so far.', 'During the past month, how often have you had trouble sleeping because you wake up in the middle of the night or early morning?', 'I am always optimistic about my future.', 'I have one close and secure relationship.']"
My social relationships with others are superficial - My social life is very stressful - Things will not work out the way I want them to in the,"['I have not experienced many warm and trusting relationships with others.', 'During the past month, how often have you had trouble sleeping because you have pain?', 'During the past month, how often have you had trouble sleeping because you have bad dreams?', 'My social relationships are superficial', 'Things will not work out the way I want them to in the future.']"
I have had problems with anxiety in the past.,"['I have not experienced many warm and trusting relationships with others.', 'During the past month, how often have you had trouble sleeping because you have pain?', 'During the past month, how often have you had trouble sleeping because you have bad dreams?', 'My social relationships are superficial', 'Things will not work out the way I want them to in the future.']"
I do not trust in people because I'm too afraid to tell them about my problems.,"['I have not experienced many warm and trusting relationships with others.', 'During the past month, how often have you had trouble sleeping because you have pain?', 'During the past month, how often have you had trouble sleeping because you have bad dreams?', 'My social relationships are superficial', 'Things will not work out the way I want them to in the future.']"
My social relationships are strained,"['I have not experienced many warm and trusting relationships with others.', 'During the past month, how often have you had trouble sleeping because you have pain?', 'During the past month, how often have you had trouble sleeping because you have bad dreams?', 'My social relationships are superficial', 'Things will not work out the way I want them to in the future.']"
I feel I have a high rate of anxiety - I fear I might never get over my anxiety.,"['I have not experienced many warm and trusting relationships with others.', 'During the past month, how often have you had trouble sleeping because you have pain?', 'During the past month, how often have you had trouble sleeping because you have bad dreams?', 'My social relationships are superficial', 'Things will not work out the way I want them to in the future.']"
I am unable to reach out and communicate with those around me.,"['Sometimes I wonder if my family will really be there for me when I am in need.', 'I have confidence in my own opinions, even if they are different from the way most other people think.', 'I have to act on a hunch.', 'I am unable to reach out and communicate with those around me', 'To what extent do you feel excited and interested in things?']"
I am unsure if my loved ones will be there for me when I am in need.,"['Sometimes I wonder if my family will really be there for me when I am in need.', 'I have confidence in my own opinions, even if they are different from the way most other people think.', 'I have to act on a hunch.', 'I am unable to reach out and communicate with those around me', 'To what extent do you feel excited and interested in things?']"
I am interested in the things around me,"['Sometimes I wonder if my family will really be there for me when I am in need.', 'I have confidence in my own opinions, even if they are different from the way most other people think.', 'I have to act on a hunch.', 'I am unable to reach out and communicate with those around me', 'To what extent do you feel excited and interested in things?']"
Sometimes I wonder if my family will really be there for me when I am in need of a neighbor.,"['Sometimes I wonder if my family will really be there for me when I am in need.', 'I have confidence in my own opinions, even if they are different from the way most other people think.', 'I have to act on a hunch.', 'I am unable to reach out and communicate with those around me', 'To what extent do you feel excited and interested in things?']"
I am surprised when I do not feel excited and interested in things.,"['Sometimes I wonder if my family will really be there for me when I am in need.', 'I have confidence in my own opinions, even if they are different from the way most other people think.', 'I have to act on a hunch.', 'I am unable to reach out and communicate with those around me', 'To what extent do you feel excited and interested in things?']"
I am very happy with how life is going.,"['I rarely count on good things happening to me.', 'I have nobody to talk to', 'I will always be secure with who I am.', 'I prefer to take the lead in problem-solving.', 'Sometimes fate or God helps me.']"
I sometimes have nobody to talk to - that is where I need help - I have trouble being open to others' feelings.,"['I rarely count on good things happening to me.', 'I have nobody to talk to', 'I will always be secure with who I am.', 'I prefer to take the lead in problem-solving.', 'Sometimes fate or God helps me.']"
I am often disappointed by the bad things that happen to me.,"['I rarely count on good things happening to me.', 'I have nobody to talk to', 'I will always be secure with who I am.', 'I prefer to take the lead in problem-solving.', 'Sometimes fate or God helps me.']"
I'm not able to stand being alone.,"['I rarely count on good things happening to me.', 'I have nobody to talk to', 'I will always be secure with who I am.', 'I prefer to take the lead in problem-solving.', 'Sometimes fate or God helps me.']"
I get frustrated with myself.,"['I rarely count on good things happening to me.', 'I have nobody to talk to', 'I will always be secure with who I am.', 'I prefer to take the lead in problem-solving.', 'Sometimes fate or God helps me.']"
I have trouble sleeping because I have bad dreams.,"['During the past month, how often have you had trouble sleeping because you have bad dreams?', 'I tend to be influenced by people with strong opinions.', 'In general, I feel I am in charge of the situation in which I live.', 'I always look on the bright side of things.', 'I make unpopular or difficult decisions.']"
I frequently feel depressed.,"['During the past month, how often have you had trouble sleeping because you have bad dreams?', 'I tend to be influenced by people with strong opinions.', 'In general, I feel I am in charge of the situation in which I live.', 'I always look on the bright side of things.', 'I make unpopular or difficult decisions.']"
I tend to be influenced by others.,"['During the past month, how often have you had trouble sleeping because you have bad dreams?', 'I tend to be influenced by people with strong opinions.', 'In general, I feel I am in charge of the situation in which I live.', 'I always look on the bright side of things.', 'I make unpopular or difficult decisions.']"
"I have a lot of trouble sleeping, due to bad dreams.","['During the past month, how often have you had trouble sleeping because you have bad dreams?', 'I tend to be influenced by people with strong opinions.', 'In general, I feel I am in charge of the situation in which I live.', 'I always look on the bright side of things.', 'I make unpopular or difficult decisions.']"
I am stressed and overthinking my day.,"['In the past, I have expected the best.', 'During the past month, how often have you taken medicine to help you sleep (prescribed or over the counter)?', 'I am unhappy doing so many things alone', 'I am uncertain about my ability to do things well in the future.', 'During the past month, how much of a problem has it been for you to keep up enough enthusiasm to get things done?']"
I know that there are times when I can't do things well.,"['In the past, I have expected the best.', 'During the past month, how often have you taken medicine to help you sleep (prescribed or over the counter)?', 'I am unhappy doing so many things alone', 'I am uncertain about my ability to do things well in the future.', 'During the past month, how much of a problem has it been for you to keep up enough enthusiasm to get things done?']"
"I am confident about my ability to do things well in the future, but not sure how much energy I will have.","['In the past, I have expected the best.', 'During the past month, how often have you taken medicine to help you sleep (prescribed or over the counter)?', 'I am unhappy doing so many things alone', 'I am uncertain about my ability to do things well in the future.', 'During the past month, how much of a problem has it been for you to keep up enough enthusiasm to get things done?']"
I am feeling anxious about my future.,"['In the past, I have expected the best.', 'During the past month, how often have you taken medicine to help you sleep (prescribed or over the counter)?', 'I am unhappy doing so many things alone', 'I am uncertain about my ability to do things well in the future.', 'During the past month, how much of a problem has it been for you to keep up enough enthusiasm to get things done?']"
I have lost sleep and can't concentrate on work.,"['During the past month, how often have you taken medicine to help you sleep (prescribed or over the counter)?', 'During the past month, how long (in minutes) has it usually taken you to fall asleep each night?', 'Past successes give me confidence.', 'I expect to always be physically healthy.', 'During the past month, what time have you usually gone to bed at night?']"
I feel like I've mastered my body's needs.,"['I have nobody to talk to', 'During the past month, how many hours of actual sleep did you get at night?', 'I make my best effort, no matter what.', 'During the past month, how often have you had trouble sleeping because you feel too cold?', 'My body seems to resist physical illness very well.']"
I enjoy my time outside of work.,"['I have nobody to talk to', 'During the past month, how many hours of actual sleep did you get at night?', 'I make my best effort, no matter what.', 'During the past month, how often have you had trouble sleeping because you feel too cold?', 'My body seems to resist physical illness very well.']"
"I keep a journal of my emotions, thoughts, and dreams.","['I have nobody to talk to', 'During the past month, how many hours of actual sleep did you get at night?', 'I make my best effort, no matter what.', 'During the past month, how often have you had trouble sleeping because you feel too cold?', 'My body seems to resist physical illness very well.']"
I believe that my life is beautiful and full of joy.,"['I have nobody to talk to', 'I believe most things happen for a reason.', 'I tend to bounce back after illness, injury, or other hardships.', 'During the past month, how often have you had trouble sleeping because you cannot get to sleep within 30 minutes?', 'I expect to always be physically healthy.']"
I do not feel that everyone is bad.,"['I have nobody to talk to', 'I believe most things happen for a reason.', 'I tend to bounce back after illness, injury, or other hardships.', 'During the past month, how often have you had trouble sleeping because you cannot get to sleep within 30 minutes?', 'I expect to always be physically healthy.']"
I have been diagnosed with depression.,"['I have nobody to talk to', 'I believe most things happen for a reason.', 'I tend to bounce back after illness, injury, or other hardships.', 'During the past month, how often have you had trouble sleeping because you cannot get to sleep within 30 minutes?', 'I expect to always be physically healthy.']"
I consider my circumstances in life to be normal.,"['I have nobody to talk to', 'I believe most things happen for a reason.', 'I tend to bounce back after illness, injury, or other hardships.', 'During the past month, how often have you had trouble sleeping because you cannot get to sleep within 30 minutes?', 'I expect to always be physically healthy.']"
I get up at 5 am every day,"['I have nobody to talk to', 'I believe most things happen for a reason.', 'I tend to bounce back after illness, injury, or other hardships.', 'During the past month, how often have you had trouble sleeping because you cannot get to sleep within 30 minutes?', 'I expect to always be physically healthy.']"
I find my cigs work well.,"['I am able to adapt when changes occur.', ""I think of myself as a strong person when dealing with life's challenges and difficulties."", 'In times of stress, I know where to find help.', 'I feel completely alone', 'In the past, I have generally found intellectual challenges to be vital to my overall well-being.']"
I am willing to help when I have trouble finding support.,"['I am able to adapt when changes occur.', ""I think of myself as a strong person when dealing with life's challenges and difficulties."", 'In times of stress, I know where to find help.', 'I feel completely alone', 'In the past, I have generally found intellectual challenges to be vital to my overall well-being.']"
I understand myself in times of stress and difficulties.,"['I am able to adapt when changes occur.', ""I think of myself as a strong person when dealing with life's challenges and difficulties."", 'In times of stress, I know where to find help.', 'I feel completely alone', 'In the past, I have generally found intellectual challenges to be vital to my overall well-being.']"
I sometimes feel that my life is meaningless.,"[""I sometimes feel as if I've done all there is to do in life."", 'During the past month, how would you rate your sleep quality overall?', 'People would describe me as a giving person, willing to share my time with others.', 'I have felt in the past that my life was meaningless.', 'How much of the time do you feel you are making progress towards accomplishing your goals?']"
I sometimes feel as if I'm not getting enough sleep.,"[""I sometimes feel as if I've done all there is to do in life."", 'During the past month, how would you rate your sleep quality overall?', 'People would describe me as a giving person, willing to share my time with others.', 'I have felt in the past that my life was meaningless.', 'How much of the time do you feel you are making progress towards accomplishing your goals?']"
I might feel that all there is to do in life is to find myself and to find love.,"[""I sometimes feel as if I've done all there is to do in life."", 'During the past month, how would you rate your sleep quality overall?', 'People would describe me as a giving person, willing to share my time with others.', 'I have felt in the past that my life was meaningless.', 'How much of the time do you feel you are making progress towards accomplishing your goals?']"
I sometimes feel like my life is meaningless.,"[""I sometimes feel as if I've done all there is to do in life."", 'During the past month, how would you rate your sleep quality overall?', 'People would describe me as a giving person, willing to share my time with others.', 'I have felt in the past that my life was meaningless.', 'How much of the time do you feel you are making progress towards accomplishing your goals?']"
"I believe in myself, so I can fulfill my dreams.","['When I look at the story of my life, I am pleased with how things have turned out so far.', 'How often do you lose track of time while doing something you enjoy?', 'Members of my family come to me for support.', 'I believe I can achieve my goals, even if there are obstacles.', 'Under pressure, I stay focused and think clearly.']"
I believe in the power of the human mind.,"['When I look at the story of my life, I am pleased with how things have turned out so far.', 'How often do you lose track of time while doing something you enjoy?', 'Members of my family come to me for support.', 'I believe I can achieve my goals, even if there are obstacles.', 'Under pressure, I stay focused and think clearly.']"
"I was confident in the way I could achieve my goals, even if there are obstacles.","['When I look at the story of my life, I am pleased with how things have turned out so far.', 'How often do you lose track of time while doing something you enjoy?', 'Members of my family come to me for support.', 'I believe I can achieve my goals, even if there are obstacles.', 'Under pressure, I stay focused and think clearly.']"
I try to see the funny side of things when I am faced with problems.,"['My physical health is excellent.', 'I try to see the humorous side of things when I am faced with problems.', 'During the past month, how often have you had trouble sleeping because you wake up in the middle of the night or early morning?', 'My friends will be there for me when I need help.', 'During the past month, how often have you had trouble sleeping because you have to get up to use the bathroom?']"
The things that I feel confident about – I don’t get overconfident easily.,"['I am not easily discouraged by failure.', 'No one really knows me well', 'In many ways I feel disappointed about my achievements in life.', 'To what extent do you feel excited and interested in things?', 'In the past, I hardly ever expected things to go my way.']"
I try to improve my own happiness,"['I am not easily discouraged by failure.', 'No one really knows me well', 'In many ways I feel disappointed about my achievements in life.', 'To what extent do you feel excited and interested in things?', 'In the past, I hardly ever expected things to go my way.']"
"The past few weeks, I've experienced many things.","['I am not easily discouraged by failure.', 'No one really knows me well', 'In many ways I feel disappointed about my achievements in life.', 'To what extent do you feel excited and interested in things?', 'In the past, I hardly ever expected things to go my way.']"
I usually try to make big improvements or changes in my life a long time ago.,"['I gave up trying to make big improvements or changes in my life a long time ago.', 'During the past month, how often have you had trouble sleeping because you have bad dreams?', 'My friends know they can always confide in me and ask me for advice.', 'Compared to people I know, my past physical health has been excellent.', 'I prefer to take the lead in problem-solving.']"
I have good overall mental health.,"['I gave up trying to make big improvements or changes in my life a long time ago.', 'During the past month, how often have you had trouble sleeping because you have bad dreams?', 'My friends know they can always confide in me and ask me for advice.', 'Compared to people I know, my past physical health has been excellent.', 'I prefer to take the lead in problem-solving.']"
I find it hard to count on things happening to me.,"['I rarely count on good things happening to me.', 'How often do you feel angry?', 'I make unpopular or difficult decisions.', 'During the past month, how often have you had trouble sleeping because you feel too cold?', 'During the past month, how often have you had trouble sleeping because you have to get up to use the bathroom?']"
I had a very negative opinion of my life in the past.,"['How satisfied are you with your current physical health?', 'I have felt in the past that my life was meaningless.', 'I am good at managing the responsibilities of daily life.', 'For me, life has been a continuous process of learning, changing, and growth.', 'To what extent do you feel that what you do in your life is valuable and worthwhile?']"
I like the life that I have in my life.,"['How satisfied are you with your current physical health?', 'I have felt in the past that my life was meaningless.', 'I am good at managing the responsibilities of daily life.', 'For me, life has been a continuous process of learning, changing, and growth.', 'To what extent do you feel that what you do in your life is valuable and worthwhile?']"
I am happy with what I do and the way I live my life.,"['How satisfied are you with your current physical health?', 'I have felt in the past that my life was meaningless.', 'I am good at managing the responsibilities of daily life.', 'For me, life has been a continuous process of learning, changing, and growth.', 'To what extent do you feel that what you do in your life is valuable and worthwhile?']"
"For me, living a meaningful life is the most satisfying thing that I can do.","['How satisfied are you with your current physical health?', 'I have felt in the past that my life was meaningless.', 'I am good at managing the responsibilities of daily life.', 'For me, life has been a continuous process of learning, changing, and growth.', 'To what extent do you feel that what you do in your life is valuable and worthwhile?']"
I have doubts about the ways in which my life is intended to be lived.,"['During the past month, how often has your bed partner or room mate reported other restlessness while you sleep?', 'I have confidence in my own opinions, even if they are different from the way most other people think.', ""Sometimes I don't understand what life is all about."", 'During the past month, how often have you had trouble sleeping because you have pain?', 'I have felt in the past that my life was meaningless.']"
I have often felt in the past that my life was meaningless.,"['During the past month, how often has your bed partner or room mate reported other restlessness while you sleep?', 'I have confidence in my own opinions, even if they are different from the way most other people think.', ""Sometimes I don't understand what life is all about."", 'During the past month, how often have you had trouble sleeping because you have pain?', 'I have felt in the past that my life was meaningless.']"
Sometimes I think my family members are too distant to get to know me and to support me.,"['I have nobody to talk to', 'Maintaining close relationships has been difficult and frustrating for me.', 'I avoid activities which require me to concentrate.', 'I tend to bounce back after illness, injury, or other hardships.', 'Sometimes I wonder if my family will really be there for me when I am in need.']"
I feel lonely and depressed at times.,"['I have nobody to talk to', 'Maintaining close relationships has been difficult and frustrating for me.', 'I avoid activities which require me to concentrate.', 'I tend to bounce back after illness, injury, or other hardships.', 'Sometimes I wonder if my family will really be there for me when I am in need.']"
I have friends with whom to talk to.,"['I have nobody to talk to', 'Maintaining close relationships has been difficult and frustrating for me.', 'I avoid activities which require me to concentrate.', 'I tend to bounce back after illness, injury, or other hardships.', 'Sometimes I wonder if my family will really be there for me when I am in need.']"
I enjoy hobbies which require concentration.,"['I have nobody to talk to', 'Maintaining close relationships has been difficult and frustrating for me.', 'I avoid activities which require me to concentrate.', 'I tend to bounce back after illness, injury, or other hardships.', 'Sometimes I wonder if my family will really be there for me when I am in need.']"
I am insecure and fearful of what people around me think of me.,"['I have nobody to talk to', 'Maintaining close relationships has been difficult and frustrating for me.', 'I avoid activities which require me to concentrate.', 'I tend to bounce back after illness, injury, or other hardships.', 'Sometimes I wonder if my family will really be there for me when I am in need.']"
"In the past, I expect the best.","['In the past, I have expected the best.', 'During the past month, how often have you had trouble staying awake while driving, eating meals, or engaging in social activity?', 'During the past month, how often have you had trouble sleeping because you cannot get to sleep within 30 minutes?', 'During the past month, how often has your bed partner or room mate reported legs twitching or jerking while asleep?', 'My family has been available to support me in the past.']"
"When I needed help, my family was available to assist me.","['In the past, I have expected the best.', 'During the past month, how often have you had trouble staying awake while driving, eating meals, or engaging in social activity?', 'During the past month, how often have you had trouble sleeping because you cannot get to sleep within 30 minutes?', 'During the past month, how often has your bed partner or room mate reported legs twitching or jerking while asleep?', 'My family has been available to support me in the past.']"
I have expected the best of myself and my family.,"['In the past, I have expected the best.', 'During the past month, how often have you had trouble staying awake while driving, eating meals, or engaging in social activity?', 'During the past month, how often have you had trouble sleeping because you cannot get to sleep within 30 minutes?', 'During the past month, how often has your bed partner or room mate reported legs twitching or jerking while asleep?', 'My family has been available to support me in the past.']"
I enjoy having intellectual stimulation in my daily life.,"['Generally, I feel pleased with the amount of intellectual stimulation I receive in my daily life.', 'I have felt in the past that my life was meaningless.', 'I am not easily discouraged by failure.', 'I always look on the bright side of things.', 'I think it is important to have new experiences that challenge how I think about myself and the world.']"
I believe that what is important in life is to be happy and to live my dreams.,"['Generally, I feel pleased with the amount of intellectual stimulation I receive in my daily life.', 'I have felt in the past that my life was meaningless.', 'I am not easily discouraged by failure.', 'I always look on the bright side of things.', 'I think it is important to have new experiences that challenge how I think about myself and the world.']"
I try to find meaning in my life with new experiences.,"['Generally, I feel pleased with the amount of intellectual stimulation I receive in my daily life.', 'I have felt in the past that my life was meaningless.', 'I am not easily discouraged by failure.', 'I always look on the bright side of things.', 'I think it is important to have new experiences that challenge how I think about myself and the world.']"
I feel grateful for the amount of intellectual stimulation I receive in my daily life.,"['Generally, I feel pleased with the amount of intellectual stimulation I receive in my daily life.', 'I have felt in the past that my life was meaningless.', 'I am not easily discouraged by failure.', 'I always look on the bright side of things.', 'I think it is important to have new experiences that challenge how I think about myself and the world.']"
I do not have a problem being angry.,"['My family has been available to support me in the past.', 'I like challenges.', 'I am good at managing the responsibilities of daily life.', 'My body seems to resist physical illness very well.', 'How often do you feel angry?']"
I feel very happy and calm about the things I do.,"['My family has been available to support me in the past.', 'I like challenges.', 'I am good at managing the responsibilities of daily life.', 'My body seems to resist physical illness very well.', 'How often do you feel angry?']"
I have a good sense of humor and manage stress well.,"['My family has been available to support me in the past.', 'I like challenges.', 'I am good at managing the responsibilities of daily life.', 'My body seems to resist physical illness very well.', 'How often do you feel angry?']"
"I have a good outlook on life, but have had difficulty following my goals.","['My family has been available to support me in the past.', 'I like challenges.', 'I am good at managing the responsibilities of daily life.', 'My body seems to resist physical illness very well.', 'How often do you feel angry?']"
