qid,text,seeds,status,reject_reason
CD_RISC_1,I am able to adapt when changes occur.,[],seed,
CD_RISC_2,I have one close and secure relationship.,[],seed,
CD_RISC_3,Sometimes fate or God helps me.,[],seed,
CD_RISC_4,I can deal with whatever comes my way.,[],seed,
CD_RISC_5,Past successes give me confidence.,[],seed,
CD_RISC_6,I try to see the humorous side of things when I am faced with problems.,[],seed,
CD_RISC_7,Having to cope with stress can make me stronger.,[],seed,
CD_RISC_8,"I tend to bounce back after illness, injury, or other hardships.",[],seed,
CD_RISC_9,I believe most things happen for a reason.,[],seed,
CD_RISC_10,"I make my best effort, no matter what.",[],seed,
CD_RISC_11,"I believe I can achieve my goals, even if there are obstacles.",[],seed,
CD_RISC_12,"Even when hopeless, I do not give up.",[],seed,
CD_RISC_13,"In times of stress, I know where to find help.",[],seed,
CD_RISC_14,"Under pressure, I stay focused and think clearly.",[],seed,
CD_RISC_15,I prefer to take the lead in problem-solving.,[],seed,
CD_RISC_16,I am not easily discouraged by failure.,[],seed,
CD_RISC_17,I think of myself as a strong person when dealing with life's challenges and difficulties.,[],seed,
CD_RISC_18,I make unpopular or difficult decisions.,[],seed,
CD_RISC_19,"I am able to handle unpleasant or painful feelings like sadness, fear, and anger.",[],seed,
CD_RISC_20,I have to act on a hunch.,[],seed,
CD_RISC_21,I have a strong sense of purpose in life.,[],seed,
CD_RISC_22,I feel like I am in control.,[],seed,
CD_RISC_23,I like challenges.,[],seed,
CD_RISC_24,I work to attain goals.,[],seed,
CD_RISC_25,I take pride in my achievements.,[],seed,
PERMA1_1,How much of the time do you feel you are making progress towards accomplishing your goals?,[],seed,
PERMA1_2,How often do you become absorbed in what you are doing?,[],seed,
PERMA1_3,How often do you feel joyful?,[],seed,
PERMA1_4,How often do you feel anxious?,[],seed,
PERMA1_5,How often do you achieve the important goals you have set for yourself?,[],seed,
PERMA2_1,How would you say your health is?,[],seed,
PERMA3_1,To what extent do you lead a purposeful and meaningful life?,[],seed,
PERMA3_2,To what extent do you receive help and support from others when you need it?,[],seed,
PERMA3_3,To what extent do you feel that what you do in your life is valuable and worthwhile?,[],seed,
PERMA3_4,To what extent do you feel excited and interested in things?,[],seed,
PERMA3_5,How lonely do you feel in your daily life?,[],seed,
PERMA4_1,How satisfied are you with your current physical health?,[],seed,
PERMA5_1,How often do you feel positive?,[],seed,
PERMA5_2,How often do you feel angry?,[],seed,
PERMA5_3,How often are you able to handle your responsibilities?,[],seed,
PERMA5_4,How often do you feel sad?,[],seed,
PERMA5_5,How often do you lose track of time while doing something you enjoy?,[],seed,
PERMA6_1,"Compared to others of your same age and sex, how is your health?",[],seed,
PERMA7_1,To what extent do you feel you have a sense of direction in your life?,[],seed,
PERMA7_2,How satisfied are you with your personal relationships?,[],seed,
PERMA7_3,To what extent do you feel loved?,[],seed,
PERMA7_4,To what extent do you feel contented?,[],seed,
PERMA8_1,"Taking all things together, how happy would you say you are?",[],seed,
PSS_1,"During the past month, what time have you usually gone to bed at night?",[],seed,
PSS_2,"During the past month, how long (in minutes) has it usually taken you to fall asleep each night?",[],seed,
PSS_3,"During the past month, what time have you usually gotten up in the morning?",[],seed,
PSS_4,"During the past month, how many hours of actual sleep did you get at night?",[],seed,
PSS_5_1,"During the past month, how often have you had trouble sleeping because you cannot get to sleep within 30 minutes?",[],seed,
PSS_5_2,"During the past month, how often have you had trouble sleeping because you wake up in the middle of the night or early morning?",[],seed,
PSS_5_3,"During the past month, how often have you had trouble sleeping because you have to get up to use the bathroom?",[],seed,
PSS_5_4,"During the past month, how often have you had trouble sleeping because you cannot breathe comfortably?",[],seed,
PSS_5_5,"During the past month, how often have you had trouble sleeping because you cough or snore loudly?",[],seed,
PSS_5_6,"During the past month, how often have you had trouble sleeping because you feel too cold?",[],seed,
PSS_5_7,"During the past month, how often have you had trouble sleeping because you feel too hot?",[],seed,
PSS_5_8,"During the past month, how often have you had trouble sleeping because you have bad dreams?",[],seed,
PSS_5_9,"During the past month, how often have you had trouble sleeping because you have pain?",[],seed,
PSS_5_10,"During the past month, how often have you had trouble sleeping because of other reasons?",[],seed,
PSS_6,"During the past month, how would you rate your sleep quality overall?",[],seed,
PSS_7,"During the past month, how often have you taken medicine to help you sleep (prescribed or over the counter)?",[],seed,
PSS_8,"During the past month, how often have you had trouble staying awake while driving, eating meals, or engaging in social activity?",[],seed,
PSS_9,"During the past month, how much of a problem has it been for you to keep up enough enthusiasm to get things done?",[],seed,
PSS_10_1,"During the past month, how often has your bed partner or room mate reported loud snoring?",[],seed,
PSS_10_2,"During the past month, how often has your bed partner or room mate reported long pauses between breaths while asleep?",[],seed,
PSS_10_3,"During the past month, how often has your bed partner or room mate reported legs twitching or jerking while asleep?",[],seed,
PSS_10_4,"During the past month, how often has your bed partner or room mate reported episodes of disorientation or confusion during sleep?",[],seed,
PSS_10_5,"During the past month, how often has your bed partner or room mate reported other restlessness while you sleep?",[],seed,
PWB_1,I like most parts of my personality.,[],seed,
PWB_2,"When I look at the story of my life, I am pleased with how things have turned out so far.",[],seed,
PWB_3,"Some people wander aimlessly through life, but I am not one of them.",[],seed,
PWB_4,The demands of everyday life often get me down.,[],seed,
PWB_5,In many ways I feel disappointed about my achievements in life.,[],seed,
PWB_6,Maintaining close relationships has been difficult and frustrating for me.,[],seed,
PWB_7,I live life one day at a time and don't really think about the future.,[],seed,
PWB_8,"In general, I feel I am in charge of the situation in which I live.",[],seed,
PWB_9,I am good at managing the responsibilities of daily life.,[],seed,
PWB_10,I sometimes feel as if I've done all there is to do in life.,[],seed,
PWB_11,"For me, life has been a continuous process of learning, changing, and growth.",[],seed,
PWB_12,I think it is important to have new experiences that challenge how I think about myself and the world.,[],seed,
PWB_13,"People would describe me as a giving person, willing to share my time with others.",[],seed,
PWB_14,I gave up trying to make big improvements or changes in my life a long time ago.,[],seed,
PWB_15,I tend to be influenced by people with strong opinions.,[],seed,
PWB_16,I have not experienced many warm and trusting relationships with others.,[],seed,
PWB_17,"I have confidence in my own opinions, even if they are different from the way most other people think.",[],seed,
PWB_18,"I judge myself by what I think is important, not by the values of what others think is important.",[],seed,
PWS_1,I am always optimistic about my future.,[],seed,
PWS_2,There have been times when I felt inferior to most of the people I knew.,[],seed,
PWS_3,Members of my family come to me for support.,[],seed,
PWS_4,My physical health has restricted me in the past.,[],seed,
PWS_5,I believe there is a real purpose for my life.,[],seed,
PWS_6,I will always seek out activities that challenge me to think and reason.,[],seed,
PWS_7,I rarely count on good things happening to me.,[],seed,
PWS_8,"In general, I feel confident about my abilities.",[],seed,
PWS_9,Sometimes I wonder if my family will really be there for me when I am in need.,[],seed,
PWS_10,My body seems to resist physical illness very well.,[],seed,
PWS_11,Life does not hold much future promise for me.,[],seed,
PWS_12,I avoid activities which require me to concentrate.,[],seed,
PWS_13,I always look on the bright side of things.,[],seed,
PWS_14,I sometimes think I am a worthless individual.,[],seed,
PWS_15,My friends know they can always confide in me and ask me for advice.,[],seed,
PWS_16,My physical health is excellent.,[],seed,
PWS_17,Sometimes I don't understand what life is all about.,[],seed,
PWS_18,"Generally, I feel pleased with the amount of intellectual stimulation I receive in my daily life.",[],seed,
PWS_19,"In the past, I have expected the best.",[],seed,
PWS_20,I am uncertain about my ability to do things well in the future.,[],seed,
PWS_21,My family has been available to support me in the past.,[],seed,
PWS_22,"Compared to people I know, my past physical health has been excellent.",[],seed,
PWS_23,I feel a sense of mission about my future.,[],seed,
PWS_24,The amount of information that I process in a typical day is just about right for me (i.e. not too much and not too little).,[],seed,
PWS_25,"In the past, I hardly ever expected things to go my way.",[],seed,
PWS_26,I will always be secure with who I am.,[],seed,
PWS_27,"In the past, I have not always had friends with whom I could share my joys and sorrows.",[],seed,
PWS_28,I expect to always be physically healthy.,[],seed,
PWS_29,I have felt in the past that my life was meaningless.,[],seed,
PWS_30,"In the past, I have generally found intellectual challenges to be vital to my overall well-being.",[],seed,
PWS_31,Things will not work out the way I want them to in the future.,[],seed,
PWS_32,"In the past, I have felt sure of myself among strangers.",[],seed,
PWS_33,My friends will be there for me when I need help.,[],seed,
PWS_34,I expect my physical health to get worse.,[],seed,
PWS_35,It seems that my life has always had purpose.,[],seed,
PWS_36,My life has often seemed void of positive mental stimulation.,[],seed,
UCLA_1,I am unhappy doing so many things alone,[],seed,
UCLA_2,I have nobody to talk to,[],seed,
UCLA_3,I cannot tolerate being so alone,[],seed,
UCLA_4,I lack companionship,[],seed,
UCLA_5,I feel as if nobody really understands me,[],seed,
UCLA_6,I find myself waiting for people to call or write,[],seed,
UCLA_7,There is no one I can turn to,[],seed,
UCLA_8,I am no longer close to anyone,[],seed,
UCLA_9,My interests and ideas are not shared by those around me,[],seed,
UCLA_10,I feel left out,[],seed,
UCLA_11,I feel completely alone,[],seed,
UCLA_12,I am unable to reach out and communicate with those around me,[],seed,
UCLA_13,My social relationships are superficial,[],seed,
UCLA_14,I feel starved for company,[],seed,
UCLA_15,No one really knows me well,[],seed,
UCLA_16,I feel isolated from others,[],seed,
UCLA_17,I am unhappy being so withdrawn,[],seed,
UCLA_18,It is difficult for me to make friends,[],seed,
UCLA_19,I feel shut out and excluded by others,[],seed,
UCLA_20,People are around me but not with me,[],seed,
gen_0_0,"During the past month, how much of the time do you feel you are making progress towards accomplishing your goals?","[""No one really knows me well"", ""During the past month, what time have you usually gone to bed at night?"", ""How much of the time do you feel you are making progress towards accomplishing your goals?"", ""Compared to people I know, my past physical health has been excellent.""]",kept,
gen_0_1,"During the past month, how many hours of the day do you feel you are making progress towards accomplishing your goals?","[""No one really knows me well"", ""During the past month, what time have you usually gone to bed at night?"", ""How much of the time do you feel you are making progress towards accomplishing your goals?"", ""Compared to people I know, my past physical health has been excellent.""]",kept,
gen_0_2,How much time do you feel you are making progress towards accomplishing your goals?,"[""No one really knows me well"", ""During the past month, what time have you usually gone to bed at night?"", ""How much of the time do you feel you are making progress towards accomplishing your goals?"", ""Compared to people I know, my past physical health has been excellent.""]",kept,
gen_1_0,How much time has you been putting into your goals in the past month?,"[""I am unhappy doing so many things alone"", ""My interests and ideas are not shared by those around me"", ""During the past month, how often have you had trouble sleeping because you have pain?"", ""During the past month, what time have you usually gone to bed at night?"", ""How much time do you feel you are making progress towards accomplishing your goals?""]",kept,
gen_1_1,How often have you had trouble sleeping and hurt yourself?,"[""I am unhappy doing so many things alone"", ""My interests and ideas are not shared by those around me"", ""During the past month, how often have you had trouble sleeping because you have pain?"", ""During the past month, what time have you usually gone to bed at night?"", ""How much time do you feel you are making progress towards accomplishing your goals?""]",kept,
gen_2_0,I am happy I live life one day at a time.,"[""I expect to always be physically healthy."", ""I have a strong sense of purpose in life."", ""I live life one day at a time and don't really think about the future."", ""My friends will be there for me when I need help."", ""During the past month, how much of the time do you feel you are making progress towards accomplishing your goals?""]",kept,
gen_2_1,I am able to live life on my own and know that I can achieve my goals.,"[""I expect to always be physically healthy."", ""I have a strong sense of purpose in life."", ""I live life one day at a time and don't really think about the future."", ""My friends will be there for me when I need help."", ""During the past month, how much of the time do you feel you are making progress towards accomplishing your goals?""]",kept,
gen_3_0,I feel I have made progress towards accomplishing my goals.,"[""During the past month, how often have you had trouble staying awake while driving, eating meals, or engaging in social activity?"", ""I feel as if nobody really understands me"", ""How satisfied are you with your current physical health?"", ""In times of stress, I know where to find help."", ""During the past month, how much of the time do you feel you are making progress towards accomplishing your goals?""]",kept,
gen_3_1,You need to focus on doing the things you enjoy and feel a part of.,"[""During the past month, how often have you had trouble staying awake while driving, eating meals, or engaging in social activity?"", ""I feel as if nobody really understands me"", ""How satisfied are you with your current physical health?"", ""In times of stress, I know where to find help."", ""During the past month, how much of the time do you feel you are making progress towards accomplishing your goals?""]",kept,
gen_4_0,How often do you have to worry that you have to take care of yourself?,"[""It is difficult for me to make friends"", ""I am good at managing the responsibilities of daily life."", ""To what extent do you feel you have a sense of direction in your life?"", ""I make my best effort, no matter what."", ""How often have you had trouble sleeping and hurt yourself?""]",kept,
gen_5_0,I can deal with whatever comes my way. I can live life on my own and know that I can achieve my goals.,"[""I feel as if nobody really understands me"", ""In times of stress, I know where to find help."", ""To what extent do you receive help and support from others when you need it?"", ""I can deal with whatever comes my way."", ""I am able to live life on my own and know that I can achieve my goals.""]",kept,
gen_6_0,How do you feel you are making progress towards accomplishing your goals?,"[""Things will not work out the way I want them to in the future."", ""My physical health has restricted me in the past."", ""I will always seek out activities that challenge me to think and reason."", ""How much of the time do you feel you are making progress towards accomplishing your goals?"", ""How much time has you been putting into your goals in the past month?""]",kept,
gen_6_1,How many hours have you been putting into your goals?,"[""Things will not work out the way I want them to in the future."", ""My physical health has restricted me in the past."", ""I will always seek out activities that challenge me to think and reason."", ""How much of the time do you feel you are making progress towards accomplishing your goals?"", ""How much time has you been putting into your goals in the past month?""]",kept,
gen_7_0,"During the past month, how often have you been making progress towards accomplishing your goals?","[""During the past month, how often has your bed partner or room mate reported long pauses between breaths while asleep?"", ""I take pride in my achievements."", ""My life has often seemed void of positive mental stimulation."", ""During the past month, how often have you had trouble sleeping because you cough or snore loudly?"", ""How do you feel you are making progress towards accomplishing your goals?""]",kept,
gen_7_1,How are you feeling physically and mentally healthy at this time of the year?,"[""During the past month, how often has your bed partner or room mate reported long pauses between breaths while asleep?"", ""I take pride in my achievements."", ""My life has often seemed void of positive mental stimulation."", ""During the past month, how often have you had trouble sleeping because you cough or snore loudly?"", ""How do you feel you are making progress towards accomplishing your goals?""]",kept,
gen_8_0,How many hours of the day do you feel you are making progress towards accomplishing your goals?,"[""I lack companionship"", ""Past successes give me confidence."", ""I am always optimistic about my future."", ""I feel a sense of mission about my future."", ""During the past month, how many hours of the day do you feel you are making progress towards accomplishing your goals?""]",kept,
gen_9_0,How often do you think that you have no place to turn to or to say the least?,"[""How satisfied are you with your current physical health?"", ""During the past month, how often have you had trouble sleeping because you cannot breathe comfortably?"", ""People would describe me as a giving person, willing to share my time with others."", ""Sometimes fate or God helps me."", ""How often do you have to worry that you have to take care of yourself?""]",kept,
gen_9_1,Do you often worry that you have to take care of yourself?,"[""How satisfied are you with your current physical health?"", ""During the past month, how often have you had trouble sleeping because you cannot breathe comfortably?"", ""People would describe me as a giving person, willing to share my time with others."", ""Sometimes fate or God helps me."", ""How often do you have to worry that you have to take care of yourself?""]",kept,
gen_10_0,I feel satisfied with the amount of intellectual stimulation I receive in my daily life.,"[""My friends know they can always confide in me and ask me for advice."", ""During the past month, how many hours of actual sleep did you get at night?"", ""Generally, I feel pleased with the amount of intellectual stimulation I receive in my daily life."", ""I make unpopular or difficult decisions."", ""I can deal with whatever comes my way. I can live life on my own and know that I can achieve my goals.""]",kept,
gen_10_1,I feel happy with the amount of intellectual stimulation I receive in my daily life.,"[""My friends know they can always confide in me and ask me for advice."", ""During the past month, how many hours of actual sleep did you get at night?"", ""Generally, I feel pleased with the amount of intellectual stimulation I receive in my daily life."", ""I make unpopular or difficult decisions."", ""I can deal with whatever comes my way. I can live life on my own and know that I can achieve my goals.""]",kept,
gen_10_2,I feel pleased with the amount of intellectual stimulation I receive in my daily life.,"[""My friends know they can always confide in me and ask me for advice."", ""During the past month, how many hours of actual sleep did you get at night?"", ""Generally, I feel pleased with the amount of intellectual stimulation I receive in my daily life."", ""I make unpopular or difficult decisions."", ""I can deal with whatever comes my way. I can live life on my own and know that I can achieve my goals.""]",kept,
gen_11_0,I feel good about myself and am in control of my life,"[""How often do you lose track of time while doing something you enjoy?"", ""In general, I feel confident about my abilities."", ""I have nobody to talk to"", ""The demands of everyday life often get me down."", ""I am happy I live life one day at a time.""]",kept,
gen_11_1,I feel relieved that I have never lost track of time while doing something I enjoy.,"[""How often do you lose track of time while doing something you enjoy?"", ""In general, I feel confident about my abilities."", ""I have nobody to talk to"", ""The demands of everyday life often get me down."", ""I am happy I live life one day at a time.""]",kept,
gen_12_0,Do you feel like you've got the best of everything?,"[""To what extent do you feel you have a sense of direction in your life?"", ""I make my best effort, no matter what."", ""Taking all things together, how happy would you say you are?"", ""How often do you feel sad?"", ""How often have you had trouble sleeping and hurt yourself?""]",kept,
gen_13_0,I have a lot of control over what goes on in my life.,"[""How often do you become absorbed in what you are doing?"", ""I am not easily discouraged by failure."", ""I rarely count on good things happening to me."", ""I feel like I am in control."", ""I can deal with whatever comes my way. I can live life on my own and know that I can achieve my goals.""]",kept,
gen_13_1,I feel like I am in control. I can live life on my own and know that I can achieve my goals.,"[""How often do you become absorbed in what you are doing?"", ""I am not easily discouraged by failure."", ""I rarely count on good things happening to me."", ""I feel like I am in control."", ""I can deal with whatever comes my way. I can live life on my own and know that I can achieve my goals.""]",kept,
gen_14_0,How often do you have trouble with self-disappointment and hurt yourself?,"[""Maintaining close relationships has been difficult and frustrating for me."", ""I have nobody to talk to"", ""How would you say your health is?"", ""During the past month, how often have you had trouble sleeping because you cough or snore loudly?"", ""How often have you had trouble sleeping and hurt yourself?""]",kept,
gen_14_1,How often have you struggled to sleep and hurt yourself?,"[""Maintaining close relationships has been difficult and frustrating for me."", ""I have nobody to talk to"", ""How would you say your health is?"", ""During the past month, how often have you had trouble sleeping because you cough or snore loudly?"", ""How often have you had trouble sleeping and hurt yourself?""]",kept,
gen_14_2,How often do you have been having troubles sleeping or hurt yourself?,"[""Maintaining close relationships has been difficult and frustrating for me."", ""I have nobody to talk to"", ""How would you say your health is?"", ""During the past month, how often have you had trouble sleeping because you cough or snore loudly?"", ""How often have you had trouble sleeping and hurt yourself?""]",kept,
gen_15_0,How are you feeling emotionally and mentally healthy at this time of year?,"[""I have nobody to talk to"", ""I expect to always be physically healthy."", ""During the past month, how often have you had trouble sleeping because you have pain?"", ""During the past month, how often have you had trouble sleeping because you feel too cold?"", ""How are you feeling physically and mentally healthy at this time of the year?""]",kept,
gen_15_1,How are you feeling mentally and physically healthy at this time of year?,"[""I have nobody to talk to"", ""I expect to always be physically healthy."", ""During the past month, how often have you had trouble sleeping because you have pain?"", ""During the past month, how often have you had trouble sleeping because you feel too cold?"", ""How are you feeling physically and mentally healthy at this time of the year?""]",kept,
gen_15_2,How are you emotionally and mentally healthy at this time of the year?,"[""I have nobody to talk to"", ""I expect to always be physically healthy."", ""During the past month, how often have you had trouble sleeping because you have pain?"", ""During the past month, how often have you had trouble sleeping because you feel too cold?"", ""How are you feeling physically and mentally healthy at this time of the year?""]",kept,
gen_16_0,What do you find most challenging about your daily life?,"[""I like most parts of my personality."", ""I find myself waiting for people to call or write"", ""In general, I feel I am in charge of the situation in which I live."", ""I take pride in my achievements."", ""How much time do you feel you are making progress towards accomplishing your goals?""]",kept,
gen_16_1,How many more times do you feel you are making progress toward accomplishing your goals than you realize?,"[""I like most parts of my personality."", ""I find myself waiting for people to call or write"", ""In general, I feel I am in charge of the situation in which I live."", ""I take pride in my achievements."", ""How much time do you feel you are making progress towards accomplishing your goals?""]",kept,
gen_16_2,I find myself waiting for people to call or write and I take pride in myself.,"[""I like most parts of my personality."", ""I find myself waiting for people to call or write"", ""In general, I feel I am in charge of the situation in which I live."", ""I take pride in my achievements."", ""How much time do you feel you are making progress towards accomplishing your goals?""]",kept,
gen_16_3,How do you feel as if you are making progress towards accomplishing your goals?,"[""I like most parts of my personality."", ""I find myself waiting for people to call or write"", ""In general, I feel I am in charge of the situation in which I live."", ""I take pride in my achievements."", ""How much time do you feel you are making progress towards accomplishing your goals?""]",kept,
gen_17_0,"Often, I do not have to worry that I have to take care of myself.","[""In the past, I hardly ever expected things to go my way."", ""Even when hopeless, I do not give up."", ""During the past month, how would you rate your sleep quality overall?"", ""It seems that my life has always had purpose."", ""How often do you have to worry that you have to take care of yourself?""]",kept,
gen_17_1,How often do you feel like you need to take care of yourself?,"[""In the past, I hardly ever expected things to go my way."", ""Even when hopeless, I do not give up."", ""During the past month, how would you rate your sleep quality overall?"", ""It seems that my life has always had purpose."", ""How often do you have to worry that you have to take care of yourself?""]",kept,
gen_18_0,I find myself waiting for others to call or write and I take pride in myself,"[""My family has been available to support me in the past."", ""In the past, I hardly ever expected things to go my way."", ""I always look on the bright side of things."", ""People would describe me as a giving person, willing to share my time with others."", ""I find myself waiting for people to call or write and I take pride in myself.""]",kept,
gen_18_1,I have been successful in achieving a goal of improving my mental health.,"[""My family has been available to support me in the past."", ""In the past, I hardly ever expected things to go my way."", ""I always look on the bright side of things."", ""People would describe me as a giving person, willing to share my time with others."", ""I find myself waiting for people to call or write and I take pride in myself.""]",kept,
gen_19_0,I feel relieved with the amount of intellectual stimulation I receive in my daily life,"[""People are around me but not with me"", ""During the past month, how long (in minutes) has it usually taken you to fall asleep each night?"", ""My social relationships are superficial"", ""My friends know they can always confide in me and ask me for advice."", ""I feel pleased with the amount of intellectual stimulation I receive in my daily life.""]",kept,
gen_20_0,Do you feel well-being if you have a positive outlook on life?,"[""I am able to handle unpleasant or painful feelings like sadness, fear, and anger."", ""How often do you feel anxious?"", ""I am no longer close to anyone"", ""I feel shut out and excluded by others"", ""Do you feel like you've got the best of everything?""]",kept,
gen_21_0,How often do you have trouble thinking positively and loving myself?,"[""My interests and ideas are not shared by those around me"", ""During the past month, how often have you had trouble sleeping because you have bad dreams?"", ""I believe there is a real purpose for my life."", ""I take pride in my achievements."", ""How often do you have trouble with self-disappointment and hurt yourself?""]",kept,
gen_21_1,How often do you feel depressed and depressed about yourself?,"[""My interests and ideas are not shared by those around me"", ""During the past month, how often have you had trouble sleeping because you have bad dreams?"", ""I believe there is a real purpose for my life."", ""I take pride in my achievements."", ""How often do you have trouble with self-disappointment and hurt yourself?""]",kept,
gen_21_2,How often do you have trouble coping with the stress that comes my way?,"[""My interests and ideas are not shared by those around me"", ""During the past month, how often have you had trouble sleeping because you have bad dreams?"", ""I believe there is a real purpose for my life."", ""I take pride in my achievements."", ""How often do you have trouble with self-disappointment and hurt yourself?""]",kept,
gen_22_0,I am overwhelmed with the routines of my daily life.,"[""I always look on the bright side of things."", ""How often do you achieve the important goals you have set for yourself?"", ""I work to attain goals."", ""I am unhappy doing so many things alone"", ""What do you find most challenging about your daily life?""]",kept,
gen_23_0,"During the past month, how often do you have a problem understanding your thoughts?","[""During the past month, how often have you had trouble sleeping because you have bad dreams?"", ""I work to attain goals."", ""I am unable to reach out and communicate with those around me"", ""During the past month, how often has your bed partner or room mate reported long pauses between breaths while asleep?"", ""How often do you have to worry that you have to take care of yourself?""]",kept,
gen_23_1,How often have you tried to achieve goals and had high anxiety?,"[""During the past month, how often have you had trouble sleeping because you have bad dreams?"", ""I work to attain goals."", ""I am unable to reach out and communicate with those around me"", ""During the past month, how often has your bed partner or room mate reported long pauses between breaths while asleep?"", ""How often do you have to worry that you have to take care of yourself?""]",kept,
gen_23_2,"During the past month, how often do you worry that you have to take care of yourself?","[""During the past month, how often have you had trouble sleeping because you have bad dreams?"", ""I work to attain goals."", ""I am unable to reach out and communicate with those around me"", ""During the past month, how often has your bed partner or room mate reported long pauses between breaths while asleep?"", ""How often do you have to worry that you have to take care of yourself?""]",kept,
gen_24_0,How often have you not been successful in taking care of yourself in the past month?,"[""For me, life has been a continuous process of learning, changing, and growth."", ""Generally, I feel pleased with the amount of intellectual stimulation I receive in my daily life."", ""In the past, I have generally found intellectual challenges to be vital to my overall well-being."", ""During the past month, how often have you had trouble sleeping because you have pain?"", ""How often do you feel like you need to take care of yourself?""]",kept,
gen_24_1,How often do you feel that you need to take care of yourself every day?,"[""For me, life has been a continuous process of learning, changing, and growth."", ""Generally, I feel pleased with the amount of intellectual stimulation I receive in my daily life."", ""In the past, I have generally found intellectual challenges to be vital to my overall well-being."", ""During the past month, how often have you had trouble sleeping because you have pain?"", ""How often do you feel like you need to take care of yourself?""]",kept,
gen_24_2,I feel grateful for the amount of intellectual stimulation I receive in my daily life.,"[""For me, life has been a continuous process of learning, changing, and growth."", ""Generally, I feel pleased with the amount of intellectual stimulation I receive in my daily life."", ""In the past, I have generally found intellectual challenges to be vital to my overall well-being."", ""During the past month, how often have you had trouble sleeping because you have pain?"", ""How often do you feel like you need to take care of yourself?""]",kept,
gen_24_3,I feel that being in touch with others is vital to my well-being. How often have you had trouble sleeping because you have pain?,"[""For me, life has been a continuous process of learning, changing, and growth."", ""Generally, I feel pleased with the amount of intellectual stimulation I receive in my daily life."", ""In the past, I have generally found intellectual challenges to be vital to my overall well-being."", ""During the past month, how often have you had trouble sleeping because you have pain?"", ""How often do you feel like you need to take care of yourself?""]",kept,
gen_25_0,I think it is important to have new experiences that challenge my thinking about myself and the world.,"[""I have confidence in my own opinions, even if they are different from the way most other people think."", ""I will always seek out activities that challenge me to think and reason."", ""I prefer to take the lead in problem-solving."", ""I think it is important to have new experiences that challenge how I think about myself and the world."", ""During the past month, how many hours of the day do you feel you are making progress towards accomplishing your goals?""]",kept,
gen_25_1,How many hours of the day did you feel you were making progress towards accomplishing your goals?,"[""I have confidence in my own opinions, even if they are different from the way most other people think."", ""I will always seek out activities that challenge me to think and reason."", ""I prefer to take the lead in problem-solving."", ""I think it is important to have new experiences that challenge how I think about myself and the world."", ""During the past month, how many hours of the day do you feel you are making progress towards accomplishing your goals?""]",kept,
gen_26_0,How often do you feel like your own mental health is deflating?,"[""During the past month, how often have you had trouble sleeping because you wake up in the middle of the night or early morning?"", ""When I look at the story of my life, I am pleased with how things have turned out so far."", ""I am unhappy being so withdrawn"", ""How often do you lose track of time while doing something you enjoy?"", ""How often do you have been having troubles sleeping or hurt yourself?""]",kept,
gen_26_1,How often do you find yourself having trouble sleeping or hurt yourself?,"[""During the past month, how often have you had trouble sleeping because you wake up in the middle of the night or early morning?"", ""When I look at the story of my life, I am pleased with how things have turned out so far."", ""I am unhappy being so withdrawn"", ""How often do you lose track of time while doing something you enjoy?"", ""How often do you have been having troubles sleeping or hurt yourself?""]",kept,
gen_27_0,How can you feel emotionally and mentally healthy this time of year?,"[""How much of the time do you feel you are making progress towards accomplishing your goals?"", ""How would you say your health is?"", ""I am good at managing the responsibilities of daily life."", ""How often do you lose track of time while doing something you enjoy?"", ""How are you feeling emotionally and mentally healthy at this time of year?""]",kept,
gen_28_0,I feel that my well-being depends on a lot of factors.,"[""I feel starved for company"", ""I can deal with whatever comes my way."", ""When I look at the story of my life, I am pleased with how things have turned out so far."", ""How much of the time do you feel you are making progress towards accomplishing your goals?"", ""I feel that being in touch with others is vital to my well-being. How often have you had trouble sleeping because you have pain?""]",kept,
gen_28_1,I feel that I am making progress towards accomplishing my goals. How often have you had trouble sleeping because you have pain?,"[""I feel starved for company"", ""I can deal with whatever comes my way."", ""When I look at the story of my life, I am pleased with how things have turned out so far."", ""How much of the time do you feel you are making progress towards accomplishing your goals?"", ""I feel that being in touch with others is vital to my well-being. How often have you had trouble sleeping because you have pain?""]",kept,
gen_28_2,I am not satisfied with the story of my life.,"[""I feel starved for company"", ""I can deal with whatever comes my way."", ""When I look at the story of my life, I am pleased with how things have turned out so far."", ""How much of the time do you feel you are making progress towards accomplishing your goals?"", ""I feel that being in touch with others is vital to my well-being. How often have you had trouble sleeping because you have pain?""]",kept,
gen_29_0,"I am a caring person, I try to take good care of myself.","[""I rarely count on good things happening to me."", ""Compared to others of your same age and sex, how is your health?"", ""I believe I can achieve my goals, even if there are obstacles."", ""How would you say your health is?"", ""How much time has you been putting into your goals in the past month?""]",kept,
gen_30_0,I feel the need to take action on my mental health.,"[""I feel a sense of mission about my future."", ""Members of my family come to me for support."", ""During the past month, how often have you had trouble sleeping because you have to get up to use the bathroom?"", ""I feel like I am in control."", ""I am not satisfied with the story of my life.""]",kept,
gen_31_0,How have you feeling about your mental health over the last few months?,"[""Taking all things together, how happy would you say you are?"", ""During the past month, how often has your bed partner or room mate reported long pauses between breaths while asleep?"", ""Compared to people I know, my past physical health has been excellent."", ""I have nobody to talk to"", ""How do you feel you are making progress towards accomplishing your goals?""]",kept,
gen_31_1,How do you feel your mental health has improved over the past month?,"[""Taking all things together, how happy would you say you are?"", ""During the past month, how often has your bed partner or room mate reported long pauses between breaths while asleep?"", ""Compared to people I know, my past physical health has been excellent."", ""I have nobody to talk to"", ""How do you feel you are making progress towards accomplishing your goals?""]",kept,
gen_32_0,How often do you struggle with being able to cope?,"[""In general, I feel confident about my abilities."", ""How satisfied are you with your current physical health?"", ""How often do you feel positive?"", ""I am unhappy doing so many things alone"", ""How often do you find yourself having trouble sleeping or hurt yourself?""]",kept,
gen_32_1,I feel confident that I can do anything I want to.,"[""In general, I feel confident about my abilities."", ""How satisfied are you with your current physical health?"", ""How often do you feel positive?"", ""I am unhappy doing so many things alone"", ""How often do you find yourself having trouble sleeping or hurt yourself?""]",kept,
gen_32_2,How often do you find yourself having problems sleeping or hurt yourself?,"[""In general, I feel confident about my abilities."", ""How satisfied are you with your current physical health?"", ""How often do you feel positive?"", ""I am unhappy doing so many things alone"", ""How often do you find yourself having trouble sleeping or hurt yourself?""]",kept,
gen_33_0,I can deal with whatever comes my way and know that I can achieve my goals.,"[""During the past month, how often has your bed partner or room mate reported episodes of disorientation or confusion during sleep?"", ""In the past, I have felt sure of myself among strangers."", ""I always look on the bright side of things."", ""How often do you feel anxious?"", ""I can deal with whatever comes my way. I can live life on my own and know that I can achieve my goals.""]",kept,
gen_34_0,"In the past month, how much of the time did you feel you are making progress towards accomplishing your goals?","[""How satisfied are you with your personal relationships?"", ""It is difficult for me to make friends"", ""To what extent do you feel you have a sense of direction in your life?"", ""Past successes give me confidence."", ""During the past month, how much of the time do you feel you are making progress towards accomplishing your goals?""]",kept,
gen_34_1,How much of the time do you think you are making progress towards accomplishing your goals?,"[""How satisfied are you with your personal relationships?"", ""It is difficult for me to make friends"", ""To what extent do you feel you have a sense of direction in your life?"", ""Past successes give me confidence."", ""During the past month, how much of the time do you feel you are making progress towards accomplishing your goals?""]",kept,
gen_35_0,I have control over what goes on in my life.,"[""There is no one I can turn to"", ""How much of the time do you feel you are making progress towards accomplishing your goals?"", ""I feel like I am in control."", ""I like most parts of my personality."", ""I have a lot of control over what goes on in my life.""]",kept,
gen_36_0,My moods and thoughts are positive and I enjoy activities that challenge me.,"[""During the past month, how often have you had trouble sleeping because you feel too cold?"", ""I will always seek out activities that challenge me to think and reason."", ""My interests and ideas are not shared by those around me"", ""I believe I can achieve my goals, even if there are obstacles."", ""How do you feel your mental health has improved over the past month?""]",kept,
gen_36_1,How have you described your mental health over the past month?,"[""During the past month, how often have you had trouble sleeping because you feel too cold?"", ""I will always seek out activities that challenge me to think and reason."", ""My interests and ideas are not shared by those around me"", ""I believe I can achieve my goals, even if there are obstacles."", ""How do you feel your mental health has improved over the past month?""]",kept,
gen_37_0,"During the past month, how often do you feel like you have to be a part of something important to you?","[""During the past month, how often have you had trouble sleeping because you cannot get to sleep within 30 minutes?"", ""I take pride in my achievements."", ""My life has often seemed void of positive mental stimulation."", ""How often do you feel anxious?"", ""During the past month, how often do you worry that you have to take care of yourself?""]",kept,
gen_37_1,How often do you feel like you have to do anything?,"[""During the past month, how often have you had trouble sleeping because you cannot get to sleep within 30 minutes?"", ""I take pride in my achievements."", ""My life has often seemed void of positive mental stimulation."", ""How often do you feel anxious?"", ""During the past month, how often do you worry that you have to take care of yourself?""]",kept,
gen_38_0,"I am a person who is very happy, so I feel that I can relate to what I want to do and can make progress towards my goals","[""To what extent do you lead a purposeful and meaningful life?"", ""My life has often seemed void of positive mental stimulation."", ""How much of the time do you feel you are making progress towards accomplishing your goals?"", ""Sometimes fate or God helps me."", ""How do you feel you are making progress towards accomplishing your goals?""]",kept,
gen_39_0,How often do you feel agitated in the past and/or injured yourself with the past?,"[""I am always optimistic about my future."", ""I make my best effort, no matter what."", ""In the past, I have felt sure of myself among strangers."", ""Compared to people I know, my past physical health has been excellent."", ""How often do you have been having troubles sleeping or hurt yourself?""]",kept,
gen_39_1,How often have you been struggling with sleep or hurt yourself?,"[""I am always optimistic about my future."", ""I make my best effort, no matter what."", ""In the past, I have felt sure of myself among strangers."", ""Compared to people I know, my past physical health has been excellent."", ""How often do you have been having troubles sleeping or hurt yourself?""]",kept,
gen_40_0,How often do you have been sleep-deprived after a day of work or school?,"[""People are around me but not with me"", ""Members of my family come to me for support."", ""During the past month, how often have you had trouble sleeping because you have bad dreams?"", ""Things will not work out the way I want them to in the future."", ""How many hours of the day did you feel you were making progress towards accomplishing your goals?""]",kept,
gen_41_0,How often do you feel your optimism and focus are boosting you?,"[""I am no longer close to anyone"", ""During the past month, how much of a problem has it been for you to keep up enough enthusiasm to get things done?"", ""I take pride in my achievements."", ""How often do you feel positive?"", ""How many more times do you feel you are making progress toward accomplishing your goals than you realize?""]",kept,
gen_42_0,Do you have problems with your self-disappointment and hurt yourself frequently?,"[""Sometimes fate or God helps me."", ""I have not experienced many warm and trusting relationships with others."", ""Even when hopeless, I do not give up."", ""Generally, I feel pleased with the amount of intellectual stimulation I receive in my daily life."", ""How often do you have trouble with self-disappointment and hurt yourself?""]",kept,
gen_42_1,What are you doing in your mental health right now?,"[""Sometimes fate or God helps me."", ""I have not experienced many warm and trusting relationships with others."", ""Even when hopeless, I do not give up."", ""Generally, I feel pleased with the amount of intellectual stimulation I receive in my daily life."", ""How often do you have trouble with self-disappointment and hurt yourself?""]",kept,
gen_43_0,How are you mentally and emotionally healthy at this time of the year?,"[""During the past month, how often have you had trouble sleeping because you cannot get to sleep within 30 minutes?"", ""I have nobody to talk to"", ""Having to cope with stress can make me stronger."", ""I believe most things happen for a reason."", ""How are you emotionally and mentally healthy at this time of the year?""]",kept,
gen_43_1,How healthy are you emotionally and mentally at this time of the year?,"[""During the past month, how often have you had trouble sleeping because you cannot get to sleep within 30 minutes?"", ""I have nobody to talk to"", ""Having to cope with stress can make me stronger."", ""I believe most things happen for a reason."", ""How are you emotionally and mentally healthy at this time of the year?""]",kept,
gen_43_2,How are you mentally and emotionally healthy this time of the year?,"[""During the past month, how often have you had trouble sleeping because you cannot get to sleep within 30 minutes?"", ""I have nobody to talk to"", ""Having to cope with stress can make me stronger."", ""I believe most things happen for a reason."", ""How are you emotionally and mentally healthy at this time of the year?""]",kept,
gen_44_0,"As you have described, you’re not alone. Have you experienced depression or anxiety?","[""During the past month, how would you rate your sleep quality overall?"", ""During the past month, how often have you had trouble sleeping because you cannot get to sleep within 30 minutes?"", ""My family has been available to support me in the past."", ""In the past, I have not always had friends with whom I could share my joys and sorrows."", ""How have you feeling about your mental health over the last few months?""]",kept,
gen_44_1,How have you been feeling about your mental health over the past few months?,"[""During the past month, how would you rate your sleep quality overall?"", ""During the past month, how often have you had trouble sleeping because you cannot get to sleep within 30 minutes?"", ""My family has been available to support me in the past."", ""In the past, I have not always had friends with whom I could share my joys and sorrows."", ""How have you feeling about your mental health over the last few months?""]",kept,
gen_44_2,"By the end of this post, I have found that I've lost track of my mental health over the past few months.","[""During the past month, how would you rate your sleep quality overall?"", ""During the past month, how often have you had trouble sleeping because you cannot get to sleep within 30 minutes?"", ""My family has been available to support me in the past."", ""In the past, I have not always had friends with whom I could share my joys and sorrows."", ""How have you feeling about your mental health over the last few months?""]",kept,
gen_45_0,I never know if I have a real purpose for my life.,"[""During the past month, how often has your bed partner or room mate reported loud snoring?"", ""Sometimes I don't understand what life is all about."", ""I believe there is a real purpose for my life."", ""I am not easily discouraged by failure."", ""I feel that I am making progress towards accomplishing my goals. How often have you had trouble sleeping because you have pain?""]",kept,
gen_45_1,I think there is a real purpose for my life.,"[""During the past month, how often has your bed partner or room mate reported loud snoring?"", ""Sometimes I don't understand what life is all about."", ""I believe there is a real purpose for my life."", ""I am not easily discouraged by failure."", ""I feel that I am making progress towards accomplishing my goals. How often have you had trouble sleeping because you have pain?""]",kept,
gen_45_2,How often do you have trouble sleeping in the past?,"[""During the past month, how often has your bed partner or room mate reported loud snoring?"", ""Sometimes I don't understand what life is all about."", ""I believe there is a real purpose for my life."", ""I am not easily discouraged by failure."", ""I feel that I am making progress towards accomplishing my goals. How often have you had trouble sleeping because you have pain?""]",kept,
gen_46_0,How often do you feel bad about yourself in your life?,"[""I tend to be influenced by people with strong opinions."", ""During the past month, how often have you had trouble sleeping because you have bad dreams?"", ""I am able to handle unpleasant or painful feelings like sadness, fear, and anger."", ""How lonely do you feel in your daily life?"", ""How often do you find yourself having problems sleeping or hurt yourself?""]",kept,
gen_47_0,How many minutes has you been putting in your goals?,"[""I work to attain goals."", ""During the past month, how often has your bed partner or room mate reported legs twitching or jerking while asleep?"", ""Life does not hold much future promise for me."", ""I am always optimistic about my future."", ""How many hours have you been putting into your goals?""]",kept,
gen_48_0,I am no longer close to anyone - I am able to live life on my own and know that I can achieve my goals.,"[""During the past month, how often has your bed partner or room mate reported long pauses between breaths while asleep?"", ""During the past month, how would you rate your sleep quality overall?"", ""I am no longer close to anyone"", ""I feel completely alone"", ""I am able to live life on my own and know that I can achieve my goals.""]",kept,
gen_48_1,I feel completely alone and know that I can achieve my goals,"[""During the past month, how often has your bed partner or room mate reported long pauses between breaths while asleep?"", ""During the past month, how would you rate your sleep quality overall?"", ""I am no longer close to anyone"", ""I feel completely alone"", ""I am able to live life on my own and know that I can achieve my goals.""]",kept,
gen_49_0,Do you feel good-being if you have a positive outlook on life?,"[""I feel as if nobody really understands me"", ""How often do you feel anxious?"", ""I can deal with whatever comes my way."", ""How lonely do you feel in your daily life?"", ""Do you feel well-being if you have a positive outlook on life?""]",kept,
gen_50_0,How often do you feel your focus and optimism are boosting you?,"[""In the past, I have not always had friends with whom I could share my joys and sorrows."", ""To what extent do you feel you have a sense of direction in your life?"", ""I expect to always be physically healthy."", ""During the past month, how often have you had trouble sleeping because you wake up in the middle of the night or early morning?"", ""How often do you feel your optimism and focus are boosting you?""]",kept,
gen_50_1,How often do you have a vision that your focus is on happiness?,"[""In the past, I have not always had friends with whom I could share my joys and sorrows."", ""To what extent do you feel you have a sense of direction in your life?"", ""I expect to always be physically healthy."", ""During the past month, how often have you had trouble sleeping because you wake up in the middle of the night or early morning?"", ""How often do you feel your optimism and focus are boosting you?""]",kept,
gen_51_0,Do you worry that you have to take care of yourself often?,"[""During the past month, how often have you had trouble sleeping because you wake up in the middle of the night or early morning?"", ""How satisfied are you with your current physical health?"", ""It seems that my life has always had purpose."", ""I believe I can achieve my goals, even if there are obstacles."", ""During the past month, how often do you worry that you have to take care of yourself?""]",kept,
gen_51_1,How often have you been worried that you have to take care of yourself?,"[""During the past month, how often have you had trouble sleeping because you wake up in the middle of the night or early morning?"", ""How satisfied are you with your current physical health?"", ""It seems that my life has always had purpose."", ""I believe I can achieve my goals, even if there are obstacles."", ""During the past month, how often do you worry that you have to take care of yourself?""]",kept,
gen_52_0,I am having a difficult time focusing and recognizing my feelings.,"[""During the past month, how often has your bed partner or room mate reported loud snoring?"", ""I have nobody to talk to"", ""I cannot tolerate being so alone"", ""I like challenges."", ""How do you feel you are making progress towards accomplishing your goals?""]",kept,
gen_53_0,I am able to manage the responsibilities of daily life.,"[""I am able to adapt when changes occur."", ""I make my best effort, no matter what."", ""I am good at managing the responsibilities of daily life."", ""During the past month, how often have you had trouble sleeping because you cannot get to sleep within 30 minutes?"", ""During the past month, how many hours of the day do you feel you are making progress towards accomplishing your goals?""]",kept,
gen_53_1,"During the past month, how often have you experienced depression?","[""I am able to adapt when changes occur."", ""I make my best effort, no matter what."", ""I am good at managing the responsibilities of daily life."", ""During the past month, how often have you had trouble sleeping because you cannot get to sleep within 30 minutes?"", ""During the past month, how many hours of the day do you feel you are making progress towards accomplishing your goals?""]",kept,
gen_53_2,The last time you felt you were not making progress towards accomplishing your goals were those same days!,"[""I am able to adapt when changes occur."", ""I make my best effort, no matter what."", ""I am good at managing the responsibilities of daily life."", ""During the past month, how often have you had trouble sleeping because you cannot get to sleep within 30 minutes?"", ""During the past month, how many hours of the day do you feel you are making progress towards accomplishing your goals?""]",kept,
gen_54_0,How often do you have difficulties focusing or doing things in front of others?,"[""To what extent do you feel loved?"", ""Even when hopeless, I do not give up."", ""During the past month, how often have you had trouble sleeping because you have bad dreams?"", ""I find myself waiting for people to call or write"", ""How often do you have trouble with self-disappointment and hurt yourself?""]",kept,
gen_54_1,How often do you have problems with self-disappointment and hurt yourself?,"[""To what extent do you feel loved?"", ""Even when hopeless, I do not give up."", ""During the past month, how often have you had trouble sleeping because you have bad dreams?"", ""I find myself waiting for people to call or write"", ""How often do you have trouble with self-disappointment and hurt yourself?""]",kept,
gen_55_0,How often do you feel irritated about yourself in your life?,"[""During the past month, how many hours of actual sleep did you get at night?"", ""I feel as if nobody really understands me"", ""Sometimes I wonder if my family will really be there for me when I am in need."", ""I work to attain goals."", ""How often do you feel bad about yourself in your life?""]",kept,
gen_56_0,How often do you feel depressed or depressed about yourself?,"[""I always look on the bright side of things."", ""To what extent do you feel contented?"", ""I believe I can achieve my goals, even if there are obstacles."", ""How often do you feel anxious?"", ""How often do you feel depressed and depressed about yourself?""]",kept,
gen_57_0,I feel I are in charge of my own lives.,"[""I find myself waiting for people to call or write"", ""How satisfied are you with your current physical health?"", ""During the past month, how often has your bed partner or room mate reported loud snoring?"", ""In general, I feel I am in charge of the situation in which I live."", ""I never know if I have a real purpose for my life.""]",kept,
gen_57_1,I never know if I have a purpose for my life.,"[""I find myself waiting for people to call or write"", ""How satisfied are you with your current physical health?"", ""During the past month, how often has your bed partner or room mate reported loud snoring?"", ""In general, I feel I am in charge of the situation in which I live."", ""I never know if I have a real purpose for my life.""]",kept,
gen_58_0,"I feel happy that my life is productive, interesting, and stimulating.","[""I have to act on a hunch."", ""During the past month, what time have you usually gotten up in the morning?"", ""During the past month, what time have you usually gone to bed at night?"", ""During the past month, how often have you had trouble sleeping because you cannot get to sleep within 30 minutes?"", ""I feel happy with the amount of intellectual stimulation I receive in my daily life.""]",kept,
gen_58_1,I feel happy about the amount of intellectual stimulation I receive in my daily life.,"[""I have to act on a hunch."", ""During the past month, what time have you usually gotten up in the morning?"", ""During the past month, what time have you usually gone to bed at night?"", ""During the past month, how often have you had trouble sleeping because you cannot get to sleep within 30 minutes?"", ""I feel happy with the amount of intellectual stimulation I receive in my daily life.""]",kept,
gen_59_0,How long have you been trying to meet your goals?,"[""I have confidence in my own opinions, even if they are different from the way most other people think."", ""During the past month, what time have you usually gone to bed at night?"", ""During the past month, how often has your bed partner or room mate reported episodes of disorientation or confusion during sleep?"", ""I am always optimistic about my future."", ""How many minutes has you been putting in your goals?""]",kept,
gen_59_1,How many days has you been putting in your goals?,"[""I have confidence in my own opinions, even if they are different from the way most other people think."", ""During the past month, what time have you usually gone to bed at night?"", ""During the past month, how often has your bed partner or room mate reported episodes of disorientation or confusion during sleep?"", ""I am always optimistic about my future."", ""How many minutes has you been putting in your goals?""]",kept,
gen_60_0,How often have you had a vision that your focus is on happiness?,"[""When I look at the story of my life, I am pleased with how things have turned out so far."", ""I am unable to reach out and communicate with those around me"", ""During the past month, how often has your bed partner or room mate reported other restlessness while you sleep?"", ""How often do you feel angry?"", ""How often do you have a vision that your focus is on happiness?""]",kept,
gen_61_0,How are you mental and emotional healthy at this time of the year?,"[""I can deal with whatever comes my way."", ""During the past month, how would you rate your sleep quality overall?"", ""My family has been available to support me in the past."", ""During the past month, how often have you had trouble sleeping because you have bad dreams?"", ""How are you mentally and emotionally healthy at this time of the year?""]",kept,
gen_61_1,How do you feel about your health during the past month?,"[""I can deal with whatever comes my way."", ""During the past month, how would you rate your sleep quality overall?"", ""My family has been available to support me in the past."", ""During the past month, how often have you had trouble sleeping because you have bad dreams?"", ""How are you mentally and emotionally healthy at this time of the year?""]",kept,
gen_62_0,How often have you had issues with your emotions during your daily life?,"[""I am unhappy doing so many things alone"", ""During the past month, how often has your bed partner or room mate reported other restlessness while you sleep?"", ""It is difficult for me to make friends"", ""I make unpopular or difficult decisions."", ""What do you find most challenging about your daily life?""]",kept,
gen_63_0,I feel a lot of self-worth when I feel this way.,"[""How often do you feel angry?"", ""Life does not hold much future promise for me."", ""During the past month, how often has your bed partner or room mate reported loud snoring?"", ""I believe most things happen for a reason."", ""In the past month, how much of the time did you feel you are making progress towards accomplishing your goals?""]",kept,
gen_63_1,I feel I am making progress towards accomplishing my goals.,"[""How often do you feel angry?"", ""Life does not hold much future promise for me."", ""During the past month, how often has your bed partner or room mate reported loud snoring?"", ""I believe most things happen for a reason."", ""In the past month, how much of the time did you feel you are making progress towards accomplishing your goals?""]",kept,
gen_64_0,I’ve been through a lot of depression in the last few years.,"[""Taking all things together, how happy would you say you are?"", ""It is difficult for me to make friends"", ""I tend to be influenced by people with strong opinions."", ""How often do you feel anxious?"", ""As you have described, you’re not alone. Have you experienced depression or anxiety?""]",kept,
gen_65_0,How often does you achieve the important goals you have set for yourself?,"[""My social relationships are superficial"", ""My physical health has restricted me in the past."", ""How often do you achieve the important goals you have set for yourself?"", ""During the past month, how often has your bed partner or room mate reported episodes of disorientation or confusion during sleep?"", ""I have control over what goes on in my life.""]",kept,
gen_66_0,How often do you feel that you have to worry that you have to take care of yourself?,"[""My physical health is excellent."", ""Members of my family come to me for support."", ""To what extent do you feel you have a sense of direction in your life?"", ""How would you say your health is?"", ""How often do you have to worry that you have to take care of yourself?""]",kept,
gen_66_1,How often have you to worry that you have to take care of yourself?,"[""My physical health is excellent."", ""Members of my family come to me for support."", ""To what extent do you feel you have a sense of direction in your life?"", ""How would you say your health is?"", ""How often do you have to worry that you have to take care of yourself?""]",kept,
gen_66_2,How many times do you feel you have to worry that you have to take care of yourself?,"[""My physical health is excellent."", ""Members of my family come to me for support."", ""To what extent do you feel you have a sense of direction in your life?"", ""How would you say your health is?"", ""How often do you have to worry that you have to take care of yourself?""]",kept,
gen_67_0,My coping mechanisms have changed dramatically in the past few weeks.,"[""In times of stress, I know where to find help."", ""To what extent do you lead a purposeful and meaningful life?"", ""I have nobody to talk to"", ""I sometimes think I am a worthless individual."", ""I am able to manage the responsibilities of daily life.""]",kept,
gen_68_0,I feel well-being if I have a positive outlook on life.,"[""I am able to handle unpleasant or painful feelings like sadness, fear, and anger."", ""I have confidence in my own opinions, even if they are different from the way most other people think."", ""I am no longer close to anyone"", ""Some people wander aimlessly through life, but I am not one of them."", ""Do you feel well-being if you have a positive outlook on life?""]",kept,
gen_68_1,I feel good when I have a positive outlook on life.,"[""I am able to handle unpleasant or painful feelings like sadness, fear, and anger."", ""I have confidence in my own opinions, even if they are different from the way most other people think."", ""I am no longer close to anyone"", ""Some people wander aimlessly through life, but I am not one of them."", ""Do you feel well-being if you have a positive outlook on life?""]",kept,
gen_68_2,Are you happy with your life and have a positive outlook on life?,"[""I am able to handle unpleasant or painful feelings like sadness, fear, and anger."", ""I have confidence in my own opinions, even if they are different from the way most other people think."", ""I am no longer close to anyone"", ""Some people wander aimlessly through life, but I am not one of them."", ""Do you feel well-being if you have a positive outlook on life?""]",kept,
gen_69_0,I am very anxious because of the stress I experience.,"[""During the past month, how often has your bed partner or room mate reported legs twitching or jerking while asleep?"", ""In times of stress, I know where to find help."", ""My life has often seemed void of positive mental stimulation."", ""The demands of everyday life often get me down."", ""I feel the need to take action on my mental health.""]",kept,
gen_70_0,What do you think of yourself as when dealing with life's challenges and difficulties?,"[""The demands of everyday life often get me down."", ""During the past month, how would you rate your sleep quality overall?"", ""I think of myself as a strong person when dealing with life's challenges and difficulties."", ""During the past month, how often has your bed partner or room mate reported legs twitching or jerking while asleep?"", ""How often do you have trouble coping with the stress that comes my way?""]",kept,
gen_70_1,I have trouble coping with the stress that comes my way.,"[""The demands of everyday life often get me down."", ""During the past month, how would you rate your sleep quality overall?"", ""I think of myself as a strong person when dealing with life's challenges and difficulties."", ""During the past month, how often has your bed partner or room mate reported legs twitching or jerking while asleep?"", ""How often do you have trouble coping with the stress that comes my way?""]",kept,
gen_71_0,Do you feel the same way about yourself every day?,"[""I believe I can achieve my goals, even if there are obstacles."", ""Compared to others of your same age and sex, how is your health?"", ""I am always optimistic about my future."", ""How much of the time do you feel you are making progress towards accomplishing your goals?"", ""Do you feel like you've got the best of everything?""]",kept,
gen_71_1,I feel like I am always making progress towards accomplishing my goals.,"[""I believe I can achieve my goals, even if there are obstacles."", ""Compared to others of your same age and sex, how is your health?"", ""I am always optimistic about my future."", ""How much of the time do you feel you are making progress towards accomplishing your goals?"", ""Do you feel like you've got the best of everything?""]",kept,
gen_71_2,Do you feel that you have the best of everything and your life?,"[""I believe I can achieve my goals, even if there are obstacles."", ""Compared to others of your same age and sex, how is your health?"", ""I am always optimistic about my future."", ""How much of the time do you feel you are making progress towards accomplishing your goals?"", ""Do you feel like you've got the best of everything?""]",kept,
gen_72_0,I think of myself as part of my inner being.,"[""My friends will be there for me when I need help."", ""I have one close and secure relationship."", ""How often do you feel positive?"", ""I tend to be influenced by people with strong opinions."", ""You need to focus on doing the things you enjoy and feel a part of.""]",kept,
gen_73_0,Have you ever thought that you have to take care of yourself?,"[""During the past month, how often has your bed partner or room mate reported long pauses between breaths while asleep?"", ""I believe there is a real purpose for my life."", ""Having to cope with stress can make me stronger."", ""Compared to others of your same age and sex, how is your health?"", ""Do you often worry that you have to take care of yourself?""]",kept,
gen_73_1,Do you worry that you have to take care of yourself?,"[""During the past month, how often has your bed partner or room mate reported long pauses between breaths while asleep?"", ""I believe there is a real purpose for my life."", ""Having to cope with stress can make me stronger."", ""Compared to others of your same age and sex, how is your health?"", ""Do you often worry that you have to take care of yourself?""]",kept,
gen_74_0,I have a lot of control over my life's challenges and difficulties.,"[""During the past month, how often has your bed partner or room mate reported other restlessness while you sleep?"", ""I can deal with whatever comes my way."", ""During the past month, how often have you had trouble sleeping because you cough or snore loudly?"", ""I think of myself as a strong person when dealing with life's challenges and difficulties."", ""I have a lot of control over what goes on in my life.""]",kept,
gen_75_0,I feel overwhelmed with the routines of my daily life.,"[""How much of the time do you feel you are making progress towards accomplishing your goals?"", ""How often do you feel angry?"", ""How satisfied are you with your personal relationships?"", ""I rarely count on good things happening to me."", ""I am overwhelmed with the routines of my daily life.""]",kept,
gen_76_0,How often do you feel you are making progress toward accomplishing your goals than you realize?,"[""Some people wander aimlessly through life, but I am not one of them."", ""During the past month, how often has your bed partner or room mate reported other restlessness while you sleep?"", ""During the past month, how often have you had trouble sleeping because of other reasons?"", ""During the past month, how often have you had trouble sleeping because you have pain?"", ""How many more times do you feel you are making progress toward accomplishing your goals than you realize?""]",kept,
gen_76_1,How many more times did you feel that you are making progress toward accomplishing your goals than you realized?,"[""Some people wander aimlessly through life, but I am not one of them."", ""During the past month, how often has your bed partner or room mate reported other restlessness while you sleep?"", ""During the past month, how often have you had trouble sleeping because of other reasons?"", ""During the past month, how often have you had trouble sleeping because you have pain?"", ""How many more times do you feel you are making progress toward accomplishing your goals than you realize?""]",kept,
gen_76_2,"During the past month, how often have you struggled to sleep?","[""Some people wander aimlessly through life, but I am not one of them."", ""During the past month, how often has your bed partner or room mate reported other restlessness while you sleep?"", ""During the past month, how often have you had trouble sleeping because of other reasons?"", ""During the past month, how often have you had trouble sleeping because you have pain?"", ""How many more times do you feel you are making progress toward accomplishing your goals than you realize?""]",kept,
gen_76_3,How often have you had trouble sleeping because of other reasons?,"[""Some people wander aimlessly through life, but I am not one of them."", ""During the past month, how often has your bed partner or room mate reported other restlessness while you sleep?"", ""During the past month, how often have you had trouble sleeping because of other reasons?"", ""During the past month, how often have you had trouble sleeping because you have pain?"", ""How many more times do you feel you are making progress toward accomplishing your goals than you realize?""]",kept,
gen_77_0,I had a good night's sleep but I had too much food.,"[""To what extent do you feel loved?"", ""I judge myself by what I think is important, not by the values of what others think is important."", ""I am no longer close to anyone"", ""During the past month, how many hours of actual sleep did you get at night?"", ""How do you feel as if you are making progress towards accomplishing your goals?""]",kept,
gen_78_0,I feel happy when I have a positive outlook on life.,"[""I am unhappy doing so many things alone"", ""My social relationships are superficial"", ""I avoid activities which require me to concentrate."", ""In general, I feel confident about my abilities."", ""I feel good when I have a positive outlook on life.""]",kept,
gen_79_0,How often are you having problems with your thoughts or behaviors?,"[""During the past month, how often have you had trouble sleeping because you have to get up to use the bathroom?"", ""My life has often seemed void of positive mental stimulation."", ""Compared to others of your same age and sex, how is your health?"", ""I am good at managing the responsibilities of daily life."", ""How can you feel emotionally and mentally healthy this time of year?""]",kept,
gen_79_1,I feel a strong emotional and mental health about this time of year.,"[""During the past month, how often have you had trouble sleeping because you have to get up to use the bathroom?"", ""My life has often seemed void of positive mental stimulation."", ""Compared to others of your same age and sex, how is your health?"", ""I am good at managing the responsibilities of daily life."", ""How can you feel emotionally and mentally healthy this time of year?""]",kept,
gen_80_0,What is it that you feel you are doing every day?,"[""During the past month, how often have you had trouble sleeping because you have bad dreams?"", ""In the past, I have generally found intellectual challenges to be vital to my overall well-being."", ""To what extent do you feel contented?"", ""During the past month, how often has your bed partner or room mate reported episodes of disorientation or confusion during sleep?"", ""How do you feel you are making progress towards accomplishing your goals?""]",kept,
gen_80_1,What do you find to be a critical aspect of your wellbeing?,"[""During the past month, how often have you had trouble sleeping because you have bad dreams?"", ""In the past, I have generally found intellectual challenges to be vital to my overall well-being."", ""To what extent do you feel contented?"", ""During the past month, how often has your bed partner or room mate reported episodes of disorientation or confusion during sleep?"", ""How do you feel you are making progress towards accomplishing your goals?""]",kept,
gen_80_2,How do you feel about yourself now that you’ve been through a difficult time?,"[""During the past month, how often have you had trouble sleeping because you have bad dreams?"", ""In the past, I have generally found intellectual challenges to be vital to my overall well-being."", ""To what extent do you feel contented?"", ""During the past month, how often has your bed partner or room mate reported episodes of disorientation or confusion during sleep?"", ""How do you feel you are making progress towards accomplishing your goals?""]",kept,
gen_80_3,My experience of mental health issues has been my overall health for the last 10 years.,"[""During the past month, how often have you had trouble sleeping because you have bad dreams?"", ""In the past, I have generally found intellectual challenges to be vital to my overall well-being."", ""To what extent do you feel contented?"", ""During the past month, how often has your bed partner or room mate reported episodes of disorientation or confusion during sleep?"", ""How do you feel you are making progress towards accomplishing your goals?""]",kept,
gen_81_0,How have you been feeling about your mental health in the past few months?,"[""I feel left out"", ""How often do you achieve the important goals you have set for yourself?"", ""I have to act on a hunch."", ""I believe there is a real purpose for my life."", ""How have you been feeling about your mental health over the past few months?""]",kept,
gen_82_0,I worry so often that I have to take care of myself.,"[""Past successes give me confidence."", ""During the past month, how often have you had trouble sleeping because you have pain?"", ""To what extent do you lead a purposeful and meaningful life?"", ""In the past, I hardly ever expected things to go my way."", ""During the past month, how often do you worry that you have to take care of yourself?""]",kept,
gen_82_1,I worry that I have to take care of myself a lot.,"[""Past successes give me confidence."", ""During the past month, how often have you had trouble sleeping because you have pain?"", ""To what extent do you lead a purposeful and meaningful life?"", ""In the past, I hardly ever expected things to go my way."", ""During the past month, how often do you worry that you have to take care of yourself?""]",kept,
gen_82_2,I rarely worry that I have to take care of myself.,"[""Past successes give me confidence."", ""During the past month, how often have you had trouble sleeping because you have pain?"", ""To what extent do you lead a purposeful and meaningful life?"", ""In the past, I hardly ever expected things to go my way."", ""During the past month, how often do you worry that you have to take care of yourself?""]",kept,
gen_83_0,How often have you been worried you're taking care of yourself?,"[""Under pressure, I stay focused and think clearly."", ""During the past month, how often has your bed partner or room mate reported long pauses between breaths while asleep?"", ""During the past month, how long (in minutes) has it usually taken you to fall asleep each night?"", ""During the past month, how often has your bed partner or room mate reported episodes of disorientation or confusion during sleep?"", ""How often do you feel that you have to worry that you have to take care of yourself?""]",kept,
gen_83_1,How often have you reported episodes of disorientation or confusion during sleep?,"[""Under pressure, I stay focused and think clearly."", ""During the past month, how often has your bed partner or room mate reported long pauses between breaths while asleep?"", ""During the past month, how long (in minutes) has it usually taken you to fall asleep each night?"", ""During the past month, how often has your bed partner or room mate reported episodes of disorientation or confusion during sleep?"", ""How often do you feel that you have to worry that you have to take care of yourself?""]",kept,
gen_83_2,"Over the past month, how often have you reported disorientation during sleep?","[""Under pressure, I stay focused and think clearly."", ""During the past month, how often has your bed partner or room mate reported long pauses between breaths while asleep?"", ""During the past month, how long (in minutes) has it usually taken you to fall asleep each night?"", ""During the past month, how often has your bed partner or room mate reported episodes of disorientation or confusion during sleep?"", ""How often do you feel that you have to worry that you have to take care of yourself?""]",kept,
gen_83_3,I have to worry that I have to worry about myself.,"[""Under pressure, I stay focused and think clearly."", ""During the past month, how often has your bed partner or room mate reported long pauses between breaths while asleep?"", ""During the past month, how long (in minutes) has it usually taken you to fall asleep each night?"", ""During the past month, how often has your bed partner or room mate reported episodes of disorientation or confusion during sleep?"", ""How often do you feel that you have to worry that you have to take care of yourself?""]",kept,
gen_84_0,Have you noticed your coping mechanisms in the past week have changed drastically?,"[""I am unhappy doing so many things alone"", ""No one really knows me well"", ""Having to cope with stress can make me stronger."", ""During the past month, how often have you had trouble sleeping because you cough or snore loudly?"", ""My coping mechanisms have changed dramatically in the past few weeks.""]",kept,
gen_84_1,I am happy that everyone was kind enough to let me stay alone,"[""I am unhappy doing so many things alone"", ""No one really knows me well"", ""Having to cope with stress can make me stronger."", ""During the past month, how often have you had trouble sleeping because you cough or snore loudly?"", ""My coping mechanisms have changed dramatically in the past few weeks.""]",kept,
gen_85_0,Are you often worry that you have to take care of yourself?,"[""It is difficult for me to make friends"", ""During the past month, how often have you had trouble sleeping because you wake up in the middle of the night or early morning?"", ""Things will not work out the way I want them to in the future."", ""I am able to adapt when changes occur."", ""Do you often worry that you have to take care of yourself?""]",kept,
gen_85_1,Do you often worry you have to take care of yourself?,"[""It is difficult for me to make friends"", ""During the past month, how often have you had trouble sleeping because you wake up in the middle of the night or early morning?"", ""Things will not work out the way I want them to in the future."", ""I am able to adapt when changes occur."", ""Do you often worry that you have to take care of yourself?""]",kept,
gen_86_0,Do you feel happy if you have a positive outlook on life?,"[""During the past month, how often have you had trouble sleeping because you have bad dreams?"", ""I work to attain goals."", ""How often do you feel angry?"", ""I find myself waiting for people to call or write"", ""Do you feel well-being if you have a positive outlook on life?""]",kept,
gen_86_1,Do you feel happier if you have a positive outlook on life?,"[""During the past month, how often have you had trouble sleeping because you have bad dreams?"", ""I work to attain goals."", ""How often do you feel angry?"", ""I find myself waiting for people to call or write"", ""Do you feel well-being if you have a positive outlook on life?""]",kept,
gen_87_0,"Compared to people I know, I feel pleased with the amount of intellectual stimulation I receive in my daily life.","[""Generally, I feel pleased with the amount of intellectual stimulation I receive in my daily life."", ""Compared to people I know, my past physical health has been excellent."", ""During the past month, how often has your bed partner or room mate reported episodes of disorientation or confusion during sleep?"", ""During the past month, how often have you had trouble sleeping because you cough or snore loudly?"", ""I am able to live life on my own and know that I can achieve my goals.""]",kept,
gen_87_1,I am pleased with the amount of intellectual stimulation I receive in my daily life.,"[""Generally, I feel pleased with the amount of intellectual stimulation I receive in my daily life."", ""Compared to people I know, my past physical health has been excellent."", ""During the past month, how often has your bed partner or room mate reported episodes of disorientation or confusion during sleep?"", ""During the past month, how often have you had trouble sleeping because you cough or snore loudly?"", ""I am able to live life on my own and know that I can achieve my goals.""]",kept,
gen_87_2,"I know that I can achieve my goals, but I'm able to live life on my own and know that I can achieve my goals.","[""Generally, I feel pleased with the amount of intellectual stimulation I receive in my daily life."", ""Compared to people I know, my past physical health has been excellent."", ""During the past month, how often has your bed partner or room mate reported episodes of disorientation or confusion during sleep?"", ""During the past month, how often have you had trouble sleeping because you cough or snore loudly?"", ""I am able to live life on my own and know that I can achieve my goals.""]",kept,
gen_88_0,I can relate to stress easily and can deal with it well.,"[""Under pressure, I stay focused and think clearly."", ""Things will not work out the way I want them to in the future."", ""Compared to people I know, my past physical health has been excellent."", ""I will always seek out activities that challenge me to think and reason."", ""How often do you have trouble coping with the stress that comes my way?""]",kept,
gen_88_1,Do you have trouble coping with the stress that comes my way?,"[""Under pressure, I stay focused and think clearly."", ""Things will not work out the way I want them to in the future."", ""Compared to people I know, my past physical health has been excellent."", ""I will always seek out activities that challenge me to think and reason."", ""How often do you have trouble coping with the stress that comes my way?""]",kept,
gen_89_0,I feel I think I have had too much of a life for myself lately.,"[""People would describe me as a giving person, willing to share my time with others."", ""I always look on the bright side of things."", ""To what extent do you feel excited and interested in things?"", ""During the past month, how often have you had trouble staying awake while driving, eating meals, or engaging in social activity?"", ""I feel a lot of self-worth when I feel this way.""]",kept,
gen_89_1,I believe that I am having some self-esteem issues and I feel a lot of self-worth.,"[""People would describe me as a giving person, willing to share my time with others."", ""I always look on the bright side of things."", ""To what extent do you feel excited and interested in things?"", ""During the past month, how often have you had trouble staying awake while driving, eating meals, or engaging in social activity?"", ""I feel a lot of self-worth when I feel this way.""]",kept,
gen_90_0,"I have a positive outlook on life and are good at eating, sleeping and exercising.","[""I gave up trying to make big improvements or changes in my life a long time ago."", ""In the past, I have felt sure of myself among strangers."", ""Sometimes fate or God helps me."", ""To what extent do you lead a purposeful and meaningful life?"", ""I had a good night's sleep but I had too much food.""]",kept,
gen_90_1,I feel good about myself with my feelings of self.,"[""I gave up trying to make big improvements or changes in my life a long time ago."", ""In the past, I have felt sure of myself among strangers."", ""Sometimes fate or God helps me."", ""To what extent do you lead a purposeful and meaningful life?"", ""I had a good night's sleep but I had too much food.""]",kept,
gen_91_0,I am enjoying my daily life as much as I am having intellectual stimulation.,"[""How often do you feel anxious?"", ""To what extent do you feel excited and interested in things?"", ""I sometimes feel as if I've done all there is to do in life."", ""During the past month, what time have you usually gotten up in the morning?"", ""I am pleased with the amount of intellectual stimulation I receive in my daily life.""]",kept,
gen_91_1,I feel as if I've done all there is to do in life.,"[""How often do you feel anxious?"", ""To what extent do you feel excited and interested in things?"", ""I sometimes feel as if I've done all there is to do in life."", ""During the past month, what time have you usually gotten up in the morning?"", ""I am pleased with the amount of intellectual stimulation I receive in my daily life.""]",kept,
gen_91_2,I am thrilled with the amount of intellectual stimulation I receive in my daily life.,"[""How often do you feel anxious?"", ""To what extent do you feel excited and interested in things?"", ""I sometimes feel as if I've done all there is to do in life."", ""During the past month, what time have you usually gotten up in the morning?"", ""I am pleased with the amount of intellectual stimulation I receive in my daily life.""]",kept,
gen_92_0,Are you happy that you have been able to take care of yourself.,"[""I am not easily discouraged by failure."", ""Members of my family come to me for support."", ""I take pride in my achievements."", ""People would describe me as a giving person, willing to share my time with others."", ""How often have you not been successful in taking care of yourself in the past month?""]",kept,
gen_92_1,How often have you been unsuccessful in taking care of yourself in the past month?,"[""I am not easily discouraged by failure."", ""Members of my family come to me for support."", ""I take pride in my achievements."", ""People would describe me as a giving person, willing to share my time with others."", ""How often have you not been successful in taking care of yourself in the past month?""]",kept,
gen_93_0,I feel lonely because of a lot of my problems.,"[""I think it is important to have new experiences that challenge how I think about myself and the world."", ""How would you say your health is?"", ""To what extent do you lead a purposeful and meaningful life?"", ""I feel isolated from others"", ""I’ve been through a lot of depression in the last few years.""]",kept,
gen_94_0,I have a vision that my focus is on happiness.,"[""During the past month, how often have you had trouble sleeping because you cannot get to sleep within 30 minutes?"", ""I always look on the bright side of things."", ""Taking all things together, how happy would you say you are?"", ""In times of stress, I know where to find help."", ""How often do you have a vision that your focus is on happiness?""]",kept,
gen_94_1,How often do you think you are stressed and stressed out?,"[""During the past month, how often have you had trouble sleeping because you cannot get to sleep within 30 minutes?"", ""I always look on the bright side of things."", ""Taking all things together, how happy would you say you are?"", ""In times of stress, I know where to find help."", ""How often do you have a vision that your focus is on happiness?""]",kept,
gen_95_0,How does your sense of self reflect on the people in your life?,"[""I think it is important to have new experiences that challenge how I think about myself and the world."", ""Members of my family come to me for support."", ""How much of the time do you feel you are making progress towards accomplishing your goals?"", ""I feel left out"", ""Do you feel that you have the best of everything and your life?""]",kept,
gen_96_0,How often have you not been successful in taking care of yourself?,"[""During the past month, how often have you had trouble sleeping because you feel too cold?"", ""I try to see the humorous side of things when I am faced with problems."", ""I believe there is a real purpose for my life."", ""I am uncertain about my ability to do things well in the future."", ""How often have you not been successful in taking care of yourself in the past month?""]",kept,
gen_96_1,I have been a lapse in my focus on my goals and work.,"[""During the past month, how often have you had trouble sleeping because you feel too cold?"", ""I try to see the humorous side of things when I am faced with problems."", ""I believe there is a real purpose for my life."", ""I am uncertain about my ability to do things well in the future."", ""How often have you not been successful in taking care of yourself in the past month?""]",kept,
gen_96_2,How often have you been successful in taking care of yourself in the past month?,"[""During the past month, how often have you had trouble sleeping because you feel too cold?"", ""I try to see the humorous side of things when I am faced with problems."", ""I believe there is a real purpose for my life."", ""I am uncertain about my ability to do things well in the future."", ""How often have you not been successful in taking care of yourself in the past month?""]",kept,
gen_96_3,How often have you not taken care of yourself in the past month?,"[""During the past month, how often have you had trouble sleeping because you feel too cold?"", ""I try to see the humorous side of things when I am faced with problems."", ""I believe there is a real purpose for my life."", ""I am uncertain about my ability to do things well in the future."", ""How often have you not been successful in taking care of yourself in the past month?""]",kept,
gen_97_0,I have been working my way up into self-awareness and depression.,"[""During the past month, how often has your bed partner or room mate reported loud snoring?"", ""In the past, I have felt sure of myself among strangers."", ""To what extent do you feel loved?"", ""I think of myself as a strong person when dealing with life's challenges and difficulties."", ""How many hours have you been putting into your goals?""]",kept,
gen_97_1,I have been putting in enough hours lately to achieve goals.,"[""During the past month, how often has your bed partner or room mate reported loud snoring?"", ""In the past, I have felt sure of myself among strangers."", ""To what extent do you feel loved?"", ""I think of myself as a strong person when dealing with life's challenges and difficulties."", ""How many hours have you been putting into your goals?""]",kept,
gen_98_0,"Usually, I feel happy with the amount of intellectual stimulation I receive in my daily life.","[""Some people wander aimlessly through life, but I am not one of them."", ""I expect my physical health to get worse."", ""How often are you able to handle your responsibilities?"", ""Generally, I feel pleased with the amount of intellectual stimulation I receive in my daily life."", ""How often have you been worried that you have to take care of yourself?""]",kept,
gen_98_1,"Generally, I feel happy with the amount of intellectual stimulation I receive in my daily life.","[""Some people wander aimlessly through life, but I am not one of them."", ""I expect my physical health to get worse."", ""How often are you able to handle your responsibilities?"", ""Generally, I feel pleased with the amount of intellectual stimulation I receive in my daily life."", ""How often have you been worried that you have to take care of yourself?""]",kept,
gen_98_2,"Generally, I feel satisfied with the amount of intellectual stimulation I receive in my daily life.","[""Some people wander aimlessly through life, but I am not one of them."", ""I expect my physical health to get worse."", ""How often are you able to handle your responsibilities?"", ""Generally, I feel pleased with the amount of intellectual stimulation I receive in my daily life."", ""How often have you been worried that you have to take care of yourself?""]",kept,
gen_99_0,How often do you struggle with the stress that comes my way?,"[""During the past month, how often have you had trouble staying awake while driving, eating meals, or engaging in social activity?"", ""The demands of everyday life often get me down."", ""I am always optimistic about my future."", ""How would you say your health is?"", ""How often do you have trouble coping with the stress that comes my way?""]",kept,
gen_99_1,How often have you had difficulty coping with the stress that comes my way?,"[""During the past month, how often have you had trouble staying awake while driving, eating meals, or engaging in social activity?"", ""The demands of everyday life often get me down."", ""I am always optimistic about my future."", ""How would you say your health is?"", ""How often do you have trouble coping with the stress that comes my way?""]",kept,
